Workbook

Sheet Tabela 1 APS + Leitos Nec.
A1: RRAS | B1: DRS | C1: REGIÃO DE SAÚDE | D1: MUNICÍPIO DA RRAS | E1: NASCIDOS VIVOS | F1: COBERTURA ANS (%) | G1: Nº DE UBS | H1: COBERTURA ESF (%) | I1: COBERTURA AB (%) | J1: GESTANTES SUSDEPENDENTES ESTIMADAS/ANO | K1: NASCIDOS VIVOS SUSDEPENDENTES ESTIMADOS/ANO | L1: LEITOS OBSTÉTRICOS | M1: LEITOS GAR PARA ATENDER AS GESTANTES SUSDEPENDENTES DO MUNICÍPIO - RRAS | N1: LEITOS UTI ADULTO | O1: LEITOS UTIN | P1: LEITOS UCINCO | Q1: LEITOS UCINCA | R1: CPN I: 3 LEITOS | S1: CPN I: 5 LEITOS | T1: CPN II: 3 LEITOS | U1: CPN II: 5 LEITOS | V1: CGBP: 10 LEITOS | W1: CGBP: 15 LEITOS | X1: CGBP: 20 LEITOS | Y1: BLH
A2: RRAS 1 | B2: Grande São Paulo | C2: Grande ABC | D2: Diadema | E2: 4230 | F2: 45.08 | G2: 20 | H2: 74.07 | I2: 80.43 | J2: =(E2*(1-F2/100)*1.1) -> 2555.4276 | K2: =E2*(1-F2/100) -> 2323.116 | L2: =((J2*2.5)/(365*0.9))*1.21 -> 23.531715 | M2: =L2*30/100 -> 7.0595146 | N2: =(L2*6/100) -> 1.4119029 | O2: =K2*2/1000 -> 4.646232 | P2: =K2*3/1000 -> 6.969348 | Q2: =K2*1/1000 -> 2.323116 | U2: 1
A3: RRAS 1 | B3: Grande São Paulo | C3: Grande ABC | D3: Mauá | E3: 4404 | F3: 47.01 | G3: 23 | H3: 29.18 | I3: 41.23 | J3: =(E3*(1-F3/100)*1.1) -> 2567.0476 | K3: =E3*(1-F3/100) -> 2333.6796 | L3: =((J3*2.5)/(365*0.9))*1.21 -> 23.638718 | M3: =L3*30/100 -> 7.0916154 | N3: =(L3*6/100) -> 1.4183231 | O3: =K3*2/1000 -> 4.6673592 | P3: =K3*3/1000 -> 7.0010388 | Q3: =K3*1/1000 -> 2.3336796
A4: RRAS 1 | B4: Grande São Paulo | C4: Grande ABC | D4: Ribeirão Pires | E4: 1041 | F4: 48.59 | G4: 10 | H4: 39.14 | I4: 46.44 | J4: =(E4*(1-F4/100)*1.1) -> 588.69591 | K4: =E4*(1-F4/100) -> 535.1781 | L4: =((J4*2.5)/(365*0.9))*1.21 -> 5.4210202 | M4: =L4*30/100 -> 1.6263061 | N4: =(L4*6/100) -> 0.32526121 | O4: =K4*2/1000 -> 1.0703562 | P4: =K4*3/1000 -> 1.6055343 | Q4: =K4*1/1000 -> 0.5351781
A5: RRAS 1 | B5: Grande São Paulo | C5: Grande ABC | D5: Rio Grande da Serra | E5: 465 | F5: 34.24 | G5: 8 | H5: 47.5 | I5: 53.4 | J5: =(E5*(1-F5/100)*1.1) -> 336.3624 | K5: =E5*(1-F5/100) -> 305.784 | L5: =((J5*2.5)/(365*0.9))*1.21 -> 3.0974011 | M5: =L5*30/100 -> 0.92922033 | N5: =(L5*6/100) -> 0.18584407 | O5: =K5*2/1000 -> 0.611568 | P5: =K5*3/1000 -> 0.917352 | Q5: =K5*1/1000 -> 0.305784 | X5: 1
A6: RRAS 1 | B6: Grande São Paulo | C6: Grande ABC | D6: Santo André | E6: 7378 | F6: 57.35 | G6: 35 | H6: 24.48 | I6: 46.5 | J6: =(E6*(1-F6/100)*1.1) -> 3461.3887 | K6: =E6*(1-F6/100) -> 3146.717 | L6: =((J6*2.5)/(365*0.9))*1.21 -> 31.87428 | M6: =L6*30/100 -> 9.5622839 | N6: =(L6*6/100) -> 1.9124568 | O6: =K6*2/1000 -> 6.293434 | P6: =K6*3/1000 -> 9.440151 | Q6: =K6*1/1000 -> 3.146717 | U6: 1
A7: RRAS 1 | B7: Grande São Paulo | C7: Grande ABC | D7: São Bernardo do Campo | E7: 7815 | F7: 55.67 | G7: 34 | H7: 63.33 | I7: 74.77 | J7: =(E7*(1-F7/100)*1.1) -> 3810.8284 | K7: =E7*(1-F7/100) -> 3464.3895 | L7: =((J7*2.5)/(365*0.9))*1.21 -> 35.092104 | M7: =L7*30/100 -> 10.527631 | N7: =(L7*6/100) -> 2.1055262 | O7: =K7*2/1000 -> 6.928779 | P7: =K7*3/1000 -> 10.393168 | Q7: =K7*1/1000 -> 3.4643895 | R7: 1 | V7: 1
A8: RRAS 1 | B8: Grande São Paulo | C8: Grande ABC | D8: São Caetano do Sul | E8: 1345 | F8: 62.1 | G8: 12 | H8: 62.09 | I8: 100 | J8: =(E8*(1-F8/100)*1.1) -> 560.7305 | K8: =E8*(1-F8/100) -> 509.755 | L8: =((J8*2.5)/(365*0.9))*1.21 -> 5.1635 | M8: =L8*30/100 -> 1.54905 | N8: =(L8*6/100) -> 0.30981 | O8: =K8*2/1000 -> 1.01951 | P8: =K8*3/1000 -> 1.529265 | Q8: =K8*1/1000 -> 0.509755 | R8: 1
A9: RRAS 2 | B9: Grande São Paulo | C9: Alto Tietê | D9: Arujá | E9: 1290 | F9: 42.29 | G9: 7 | H9: 38.41 | I9: 65.53 | J9: =(E9*(1-F9/100)*1.1) -> 818.9049 | K9: =E9*(1-F9/100) -> 744.459 | L9: =((J9*2.5)/(365*0.9))*1.21 -> 7.5409051 | M9: =L9*30/100 -> 2.2622715 | N9: =(L9*6/100) -> 0.45245431 | O9: =K9*2/1000 -> 1.488918 | P9: =K9*3/1000 -> 2.233377 | Q9: =K9*1/1000 -> 0.744459
A10: RRAS 2 | B10: Grande São Paulo | C10: Alto Tietê | D10: Biritiba Mirim | E10: 336 | F10: 11.25 | G10: 7 | H10: 21.17 | I10: 30.37 | J10: =(E10*(1-F10/100)*1.1) -> 328.02 | K10: =E10*(1-F10/100) -> 298.2 | L10: =((J10*2.5)/(365*0.9))*1.21 -> 3.0205799 | M10: =L10*30/100 -> 0.90617397 | N10: =(L10*6/100) -> 0.18123479 | O10: =K10*2/1000 -> 0.5964 | P10: =K10*3/1000 -> 0.8946 | Q10: =K10*1/1000 -> 0.2982
A11: RRAS 2 | B11: Grande São Paulo | C11: Alto Tietê | D11: Ferraz de Vasconcelos | E11: 2279 | F11: 23.22 | G11: 14 | H11: 35.52 | I11: 57.98 | J11: =(E11*(1-F11/100)*1.1) -> 1924.7978 | K11: =E11*(1-F11/100) -> 1749.8162 | L11: =((J11*2.5)/(365*0.9))*1.21 -> 17.724546 | M11: =L11*30/100 -> 5.3173638 | N11: =(L11*6/100) -> 1.0634728 | O11: =K11*2/1000 -> 3.4996324 | P11: =K11*3/1000 -> 5.2494486 | Q11: =K11*1/1000 -> 1.7498162
A12: RRAS 2 | B12: Grande São Paulo | C12: Alto Tietê | D12: Guararema | E12: 327 | F12: 21.32 | G12: 1 | H12: 0 | I12: 58.39 | J12: =(E12*(1-F12/100)*1.1) -> 283.01196 | K12: =E12*(1-F12/100) -> 257.2836 | L12: =((J12*2.5)/(365*0.9))*1.21 -> 2.6061223 | M12: =L12*30/100 -> 0.78183669 | N12: =(L12*6/100) -> 0.15636734 | O12: =K12*2/1000 -> 0.5145672 | P12: =K12*3/1000 -> 0.7718508 | Q12: =K12*1/1000 -> 0.2572836
A13: RRAS 2 | B13: Grande São Paulo | C13: Alto Tietê | D13: Guarulhos | E13: 17501 | F13: 47.05 | G13: 69 | H13: 31.27 | I13: 40.23 | J13: =(E13*(1-F13/100)*1.1) -> 10193.457 | K13: =E13*(1-F13/100) -> 9266.7795 | L13: =((J13*2.5)/(365*0.9))*1.21 -> 93.866693 | M13: =L13*30/100 -> 28.160008 | N13: =(L13*6/100) -> 5.6320016 | O13: =K13*2/1000 -> 18.533559 | P13: =K13*3/1000 -> 27.800338 | Q13: =K13*1/1000 -> 9.2667795 | Y13: 1
A14: RRAS 2 | B14: Grande São Paulo | C14: Alto Tietê | D14: Itaquaquecetuba | E14: 5077 | F14: 26.14 | G14: 17 | H14: 18.61 | I14: 34.1 | J14: =(E14*(1-F14/100)*1.1) -> 4124.8594 | K14: =E14*(1-F14/100) -> 3749.8722 | L14: =((J14*2.5)/(365*0.9))*1.21 -> 37.983865 | M14: =L14*30/100 -> 11.39516 | N14: =(L14*6/100) -> 2.2790319 | O14: =K14*2/1000 -> 7.4997444 | P14: =K14*3/1000 -> 11.249617 | Q14: =K14*1/1000 -> 3.7498722
A15: RRAS 2 | B15: Grande São Paulo | C15: Alto Tietê | D15: Mogi das Cruzes | E15: 5222 | F15: 35.92 | G15: 36 | H15: 10.83 | I15: 50.84 | J15: =(E15*(1-F15/100)*1.1) -> 3680.8834 | K15: =E15*(1-F15/100) -> 3346.2576 | L15: =((J15*2.5)/(365*0.9))*1.21 -> 33.895501 | M15: =L15*30/100 -> 10.16865 | N15: =(L15*6/100) -> 2.0337301 | O15: =K15*2/1000 -> 6.6925152 | P15: =K15*3/1000 -> 10.038773 | Q15: =K15*1/1000 -> 3.3462576 | Y15: 1
A16: RRAS 2 | B16: Grande São Paulo | C16: Alto Tietê | D16: Poá | E16: 1249 | F16: 32.1 | G16: 12 | H16: 26.44 | I16: 31.54 | J16: =(E16*(1-F16/100)*1.1) -> 932.8781 | K16: =E16*(1-F16/100) -> 848.071 | L16: =((J16*2.5)/(365*0.9))*1.21 -> 8.59043 | M16: =L16*30/100 -> 2.577129 | N16: =(L16*6/100) -> 0.5154258 | O16: =K16*2/1000 -> 1.696142 | P16: =K16*3/1000 -> 2.544213 | Q16: =K16*1/1000 -> 0.848071
A17: RRAS 2 | B17: Grande São Paulo | C17: Alto Tietê | D17: Salesópolis | E17: 179 | F17: 11.9 | G17: 2 | H17: 0 | I17: 52.51 | J17: =(E17*(1-F17/100)*1.1) -> 173.4689 | K17: =E17*(1-F17/100) -> 157.699 | L17: =((J17*2.5)/(365*0.9))*1.21 -> 1.5973925 | M17: =L17*30/100 -> 0.47921774 | N17: =(L17*6/100) -> 0.095843547 | O17: =K17*2/1000 -> 0.315398 | P17: =K17*3/1000 -> 0.473097 | Q17: =K17*1/1000 -> 0.157699
A18: RRAS 2 | B18: Grande São Paulo | C18: Alto Tietê | D18: Santa Isabel | E18: 588 | F18: 25.52 | G18: 11 | H18: 30.06 | I18: 50.97 | J18: =(E18*(1-F18/100)*1.1) -> 481.73664 | K18: =E18*(1-F18/100) -> 437.9424 | L18: =((J18*2.5)/(365*0.9))*1.21 -> 4.4360832 | M18: =L18*30/100 -> 1.330825 | N18: =(L18*6/100) -> 0.26616499 | O18: =K18*2/1000 -> 0.8758848 | P18: =K18*3/1000 -> 1.3138272 | Q18: =K18*1/1000 -> 0.4379424
A19: RRAS 2 | B19: Grande São Paulo | C19: Alto Tietê | D19: Suzano | E19: 3942 | F19: 30.8 | G19: 24 | H19: 25.5 | I19: 51.28 | J19: =(E19*(1-F19/100)*1.1) -> 3000.6504 | K19: =E19*(1-F19/100) -> 2727.864 | L19: =((J19*2.5)/(365*0.9))*1.21 -> 27.63156 | M19: =L19*30/100 -> 8.289468 | N19: =(L19*6/100) -> 1.6578936 | O19: =K19*2/1000 -> 5.455728 | P19: =K19*3/1000 -> 8.183592 | Q19: =K19*1/1000 -> 2.727864
A20: RRAS 3 | B20: Grande São Paulo | C20: Franco da Rocha | D20: Caieiras | E20: 1147 | F20: 37.01 | G20: 14 | H20: 6.8 | I20: 62.24 | J20: =(E20*(1-F20/100)*1.1) -> 794.74483 | K20: =E20*(1-F20/100) -> 722.4953 | L20: =((J20*2.5)/(365*0.9))*1.21 -> 7.3184265 | M20: =L20*30/100 -> 2.195528 | N20: =(L20*6/100) -> 0.43910559 | O20: =K20*2/1000 -> 1.4449906 | P20: =K20*3/1000 -> 2.1674859 | Q20: =K20*1/1000 -> 0.7224953
A21: RRAS 3 | B21: Grande São Paulo | C21: Franco da Rocha | D21: Cajamar | E21: 1304 | F21: 45 | G21: 11 | H21: 53.91 | I21: 76.99 | J21: =(E21*(1-F21/100)*1.1) -> 788.92 | K21: =E21*(1-F21/100) -> 717.2 | L21: =((J21*2.5)/(365*0.9))*1.21 -> 7.2647884 | M21: =L21*30/100 -> 2.1794365 | N21: =(L21*6/100) -> 0.43588731 | O21: =K21*2/1000 -> 1.4344 | P21: =K21*3/1000 -> 2.1516 | Q21: =K21*1/1000 -> 0.7172
A22: RRAS 3 | B22: Grande São Paulo | C22: Franco da Rocha | D22: Francisco Morato | E22: 2488 | F22: 24.22 | G22: 13 | H22: 47.09 | I22: 50.5 | J22: =(E22*(1-F22/100)*1.1) -> 2073.947 | K22: =E22*(1-F22/100) -> 1885.4064 | L22: =((J22*2.5)/(365*0.9))*1.21 -> 19.09799 | M22: =L22*30/100 -> 5.7293971 | N22: =(L22*6/100) -> 1.1458794 | O22: =K22*2/1000 -> 3.7708128 | P22: =K22*3/1000 -> 5.6562192 | Q22: =K22*1/1000 -> 1.8854064
A23: RRAS 3 | B23: Grande São Paulo | C23: Franco da Rocha | D23: Franco da Rocha | E23: 1833 | F23: 27.18 | G23: 14 | H23: 55.83 | I23: 76.37 | J23: =(E23*(1-F23/100)*1.1) -> 1468.2697 | K23: =E23*(1-F23/100) -> 1334.7906 | L23: =((J23*2.5)/(365*0.9))*1.21 -> 13.520596 | M23: =L23*30/100 -> 4.0561787 | N23: =(L23*6/100) -> 0.81123575 | O23: =K23*2/1000 -> 2.6695812 | P23: =K23*3/1000 -> 4.0043718 | Q23: =K23*1/1000 -> 1.3347906
A24: RRAS 3 | B24: Grande São Paulo | C24: Franco da Rocha | D24: Mairiporã | E24: 910 | F24: 21.73 | G24: 17 | H24: 37.88 | I24: 58.84 | J24: =(E24*(1-F24/100)*1.1) -> 783.4827 | K24: =E24*(1-F24/100) -> 712.257 | L24: =((J24*2.5)/(365*0.9))*1.21 -> 7.2147189 | M24: =L24*30/100 -> 2.1644157 | N24: =(L24*6/100) -> 0.43288314 | O24: =K24*2/1000 -> 1.424514 | P24: =K24*3/1000 -> 2.136771 | Q24: =K24*1/1000 -> 0.712257
A25: RRAS 4 | B25: Grande São Paulo | C25: Mananciais | D25: Cotia | E25: 3560 | F25: 37.03 | G25: 26 | H25: 8.31 | I25: 42.31 | J25: =(E25*(1-F25/100)*1.1) -> 2465.9052 | K25: =E25*(1-F25/100) -> 2241.732 | L25: =((J25*2.5)/(365*0.9))*1.21 -> 22.707346 | M25: =L25*30/100 -> 6.8122039 | N25: =(L25*6/100) -> 1.3624408 | O25: =K25*2/1000 -> 4.483464 | P25: =K25*3/1000 -> 6.725196 | Q25: =K25*1/1000 -> 2.241732
A26: RRAS 4 | B26: Grande São Paulo | C26: Mananciais | D26: Embu das Artes | E26: 3332 | F26: 26.8 | G26: 17 | H26: 28.99 | I26: 54.8 | J26: =(E26*(1-F26/100)*1.1) -> 2682.9264 | K26: =E26*(1-F26/100) -> 2439.024 | L26: =((J26*2.5)/(365*0.9))*1.21 -> 24.705791 | M26: =L26*30/100 -> 7.4117373 | N26: =(L26*6/100) -> 1.4823475 | O26: =K26*2/1000 -> 4.878048 | P26: =K26*3/1000 -> 7.317072 | Q26: =K26*1/1000 -> 2.439024
A27: RRAS 4 | B27: Grande São Paulo | C27: Mananciais | D27: Embu Guaçu | E27: 804 | F27: 13.68 | G27: 11 | H27: 64.64 | I27: 69.83 | J27: =(E27*(1-F27/100)*1.1) -> 763.41408 | K27: =E27*(1-F27/100) -> 694.0128 | L27: =((J27*2.5)/(365*0.9))*1.21 -> 7.0299166 | M27: =L27*30/100 -> 2.108975 | N27: =(L27*6/100) -> 0.42179499 | O27: =K27*2/1000 -> 1.3880256 | P27: =K27*3/1000 -> 2.0820384 | Q27: =K27*1/1000 -> 0.6940128
... A44: RRAS 7 | B44: Baixada Santista | C44: Baixada Santista | D44: Mongaguá | E44: 667 | F44: 13.12 | G44: 9 | H44: 48.68 | I44: 48.68 | J44: =(E44*(1-F44/100)*1.1) -> 637.43856 | K44: =E44*(1-F44/100) -> 579.4896 | L44: =((J44*2.5)/(365*0.9))*1.21 -> 5.869868 | M44: =L44*30/100 -> 1.7609604 | N44: =(L44*6/100) -> 0.35219208 | O44: =K44*2/1000 -> 1.1589792 | P44: =K44*3/1000 -> 1.7384688 | Q44: =K44*1/1000 -> 0.5794896
A45: RRAS 7 | B45: Baixada Santista | C45: Baixada Santista | D45: Peruíbe | E45: 915 | F45: 15.53 | G45: 16 | H45: 70.73 | I45: 100 | J45: =(E45*(1-F45/100)*1.1) -> 850.19055 | K45: =E45*(1-F45/100) -> 772.9005 | L45: =((J45*2.5)/(365*0.9))*1.21 -> 7.8289997 | M45: =L45*30/100 -> 2.3486999 | N45: =(L45*6/100) -> 0.46973998 | O45: =K45*2/1000 -> 1.545801 | P45: =K45*3/1000 -> 2.3187015 | Q45: =K45*1/1000 -> 0.7729005 | S45: 2
A46: RRAS 7 | B46: Baixada Santista | C46: Baixada Santista | D46: Praia Grande | E46: 4098 | F46: 32.64 | G46: 30 | H46: 82.78 | I46: 86.13 | J46: =(E46*(1-F46/100)*1.1) -> 3036.4541 | K46: =E46*(1-F46/100) -> 2760.4128 | L46: =((J46*2.5)/(365*0.9))*1.21 -> 27.961259 | M46: =L46*30/100 -> 8.3883777 | N46: =(L46*6/100) -> 1.6776755 | O46: =K46*2/1000 -> 5.5208256 | P46: =K46*3/1000 -> 8.2812384 | Q46: =K46*1/1000 -> 2.7604128 | R46: 1 | S46: 1 | Y46: 1
A47: RRAS 7 | B47: Baixada Santista | C47: Baixada Santista | D47: Santos | E47: 3733 | F47: 65.73 | G47: 31 | H47: 27.07 | I47: 52.34 | J47: =(E47*(1-F47/100)*1.1) -> 1407.229 | K47: =E47*(1-F47/100) -> 1279.2991 | L47: =((J47*2.5)/(365*0.9))*1.21 -> 12.958502 | M47: =L47*30/100 -> 3.8875505 | N47: =(L47*6/100) -> 0.77751009 | O47: =K47*2/1000 -> 2.5585982 | P47: =K47*3/1000 -> 3.8378973 | Q47: =K47*1/1000 -> 1.2792991 | R47: 1 | T47: 1 | U47: 1 | Y47: 2
A48: RRAS 7 | B48: Baixada Santista | C48: Baixada Santista | D48: São Vicente | E48: 3661 | F48: 38.38 | G48: 24 | H48: 27.35 | I48: 39.57 | J48: =(E48*(1-F48/100)*1.1) -> 2481.499 | K48: =E48*(1-F48/100) -> 2255.9082 | L48: =((J48*2.5)/(365*0.9))*1.21 -> 22.850942 | M48: =L48*30/100 -> 6.8552827 | N48: =(L48*6/100) -> 1.3710565 | O48: =K48*2/1000 -> 4.5118164 | P48: =K48*3/1000 -> 6.7677246 | Q48: =K48*1/1000 -> 2.2559082
A49: RRAS 7 | B49: Registro | C49: Vale do Ribeira | D49: Barra do Turvo | E49: 78 | F49: 2.45 | G49: 4 | H49: 100 | I49: 100 | J49: =(E49*(1-F49/100)*1.1) -> 83.6979 | K49: =E49*(1-F49/100) -> 76.089 | L49: =((J49*2.5)/(365*0.9))*1.21 -> 0.77073409 | M49: =L49*30/100 -> 0.23122023 | N49: =(L49*6/100) -> 0.046244045 | O49: =K49*2/1000 -> 0.152178 | P49: =K49*3/1000 -> 0.228267 | Q49: =K49*1/1000 -> 0.076089 | V49: 10
A50: RRAS 7 | B50: Registro | C50: Vale do Ribeira | D50: Cajati | E50: 411 | F50: 17.23 | G50: 8 | H50: 96.68 | I50: 100 | J50: =(E50*(1-F50/100)*1.1) -> 374.20317 | K50: =E50*(1-F50/100) -> 340.1847 | L50: =((J50*2.5)/(365*0.9))*1.21 -> 3.4458587 | M50: =L50*30/100 -> 1.0337576 | N50: =(L50*6/100) -> 0.20675152 | O50: =K50*2/1000 -> 0.6803694 | P50: =K50*3/1000 -> 1.0205541 | Q50: =K50*1/1000 -> 0.3401847
A51: RRAS 7 | B51: Registro | C51: Vale do Ribeira | D51: Cananeia | E51: 158 | F51: 5.94 | G51: 5 | H51: 100 | I51: 100 | J51: =(E51*(1-F51/100)*1.1) -> 163.47628 | K51: =E51*(1-F51/100) -> 148.6148 | L51: =((J51*2.5)/(365*0.9))*1.21 -> 1.5053752 | M51: =L51*30/100 -> 0.45161255 | N51: =(L51*6/100) -> 0.090322511 | O51: =K51*2/1000 -> 0.2972296 | P51: =K51*3/1000 -> 0.4458444 | Q51: =K51*1/1000 -> 0.1486148
A52: RRAS 7 | B52: Registro | C52: Vale do Ribeira | D52: Eldorado | E52: 165 | F52: 4.83 | G52: 9 | H52: 66.8 | I52: 86.16 | J52: =(E52*(1-F52/100)*1.1) -> 172.73355 | K52: =E52*(1-F52/100) -> 157.0305 | L52: =((J52*2.5)/(365*0.9))*1.21 -> 1.590621 | M52: =L52*30/100 -> 0.47718629 | N52: =(L52*6/100) -> 0.095437258 | O52: =K52*2/1000 -> 0.314061 | P52: =K52*3/1000 -> 0.4710915 | Q52: =K52*1/1000 -> 0.1570305
A53: RRAS 7 | B53: Registro | C53: Vale do Ribeira | D53: Iguape | E53: 285 | F53: 4.56 | G53: 9 | H53: 78.26 | I53: 78.26 | J53: =(E53*(1-F53/100)*1.1) -> 299.2044 | K53: =E53*(1-F53/100) -> 272.004 | L53: =((J53*2.5)/(365*0.9))*1.21 -> 2.7552308 | M53: =L53*30/100 -> 0.82656923 | N53: =(L53*6/100) -> 0.16531385 | O53: =K53*2/1000 -> 0.544008 | P53: =K53*3/1000 -> 0.816012 | Q53: =K53*1/1000 -> 0.272004
A54: RRAS 7 | B54: Registro | C54: Vale do Ribeira | D54: Ilha Comprida | E54: 140 | F54: 3.74 | G54: 7 | H54: 100 | I54: 100 | J54: =(E54*(1-F54/100)*1.1) -> 148.2404 | K54: =E54*(1-F54/100) -> 134.764 | L54: =((J54*2.5)/(365*0.9))*1.21 -> 1.3650752 | M54: =L54*30/100 -> 0.40952257 | N54: =(L54*6/100) -> 0.081904513 | O54: =K54*2/1000 -> 0.269528 | P54: =K54*3/1000 -> 0.404292 | Q54: =K54*1/1000 -> 0.134764
A55: RRAS 7 | B55: Registro | C55: Vale do Ribeira | D55: Iporanga | E55: 48 | F55: 1.56 | G55: 2 | H55: 100 | I55: 100 | J55: =(E55*(1-F55/100)*1.1) -> 51.97632 | K55: =E55*(1-F55/100) -> 47.2512 | L55: =((J55*2.5)/(365*0.9))*1.21 -> 0.47862517 | M55: =L55*30/100 -> 0.14358755 | N55: =(L55*6/100) -> 0.02871751 | O55: =K55*2/1000 -> 0.0945024 | P55: =K55*3/1000 -> 0.1417536 | Q55: =K55*1/1000 -> 0.0472512
A56: RRAS 7 | B56: Registro | C56: Vale do Ribeira | D56: Itariri | E56: 151 | F56: 5.9 | G56: 5 | H56: 79.15 | I56: 100 | J56: =(E56*(1-F56/100)*1.1) -> 156.3001 | K56: =E56*(1-F56/100) -> 142.091 | L56: =((J56*2.5)/(365*0.9))*1.21 -> 1.4392932 | M56: =L56*30/100 -> 0.43178795 | N56: =(L56*6/100) -> 0.086357589 | O56: =K56*2/1000 -> 0.284182 | P56: =K56*3/1000 -> 0.426273 | Q56: =K56*1/1000 -> 0.142091
A57: RRAS 7 | B57: Registro | C57: Vale do Ribeira | D57: Jacupiranga | E57: 193 | F57: 9.26 | G57: 7 | H57: 96.55 | I57: 100 | J57: =(E57*(1-F57/100)*1.1) -> 192.64102 | K57: =E57*(1-F57/100) -> 175.1282 | L57: =((J57*2.5)/(365*0.9))*1.21 -> 1.7739394 | M57: =L57*30/100 -> 0.53218181 | N57: =(L57*6/100) -> 0.10643636 | O57: =K57*2/1000 -> 0.3502564 | P57: =K57*3/1000 -> 0.5253846 | Q57: =K57*1/1000 -> 0.1751282
A58: RRAS 7 | B58: Registro | C58: Vale do Ribeira | D58: Juquia | E58: 208 | F58: 7.25 | G58: 6 | H58: 100 | I58: 100 | J58: =(E58*(1-F58/100)*1.1) -> 212.212 | K58: =E58*(1-F58/100) -> 192.92 | L58: =((J58*2.5)/(365*0.9))*1.21 -> 1.9541592 | M58: =L58*30/100 -> 0.58624776 | N58: =(L58*6/100) -> 0.11724955 | O58: =K58*2/1000 -> 0.38584 | P58: =K58*3/1000 -> 0.57876 | Q58: =K58*1/1000 -> 0.19292
A59: RRAS 7 | B59: Registro | C59: Vale do Ribeira | D59: Miracatu | E59: 233 | F59: 5.15 | G59: 8 | H59: 100 | I59: 100 | J59: =(E59*(1-F59/100)*1.1) -> 243.10055 | K59: =E59*(1-F59/100) -> 221.0005 | L59: =((J59*2.5)/(365*0.9))*1.21 -> 2.2385971 | M59: =L59*30/100 -> 0.67157915 | N59: =(L59*6/100) -> 0.13431583 | O59: =K59*2/1000 -> 0.442001 | P59: =K59*3/1000 -> 0.6630015 | Q59: =K59*1/1000 -> 0.2210005
A60: RRAS 7 | B60: Registro | C60: Vale do Ribeira | D60: Pariquera Açú | E60: 265 | F60: 6.71 | G60: 8 | H60: 87.8 | I60: 100 | J60: =(E60*(1-F60/100)*1.1) -> 271.94035 | K60: =E60*(1-F60/100) -> 247.2185 | L60: =((J60*2.5)/(365*0.9))*1.21 -> 2.5041691 | M60: =L60*30/100 -> 0.75125074 | N60: =(L60*6/100) -> 0.15025015 | O60: =K60*2/1000 -> 0.494437 | P60: =K60*3/1000 -> 0.7416555 | Q60: =K60*1/1000 -> 0.2472185
A61: RRAS 7 | B61: Registro | C61: Vale do Ribeira | D61: Pedro de Toledo | E61: 99 | F61: 3.77 | G61: 7 | H61: 100 | I61: 100 | J61: =(E61*(1-F61/100)*1.1) -> 104.79447 | K61: =E61*(1-F61/100) -> 95.2677 | L61: =((J61*2.5)/(365*0.9))*1.21 -> 0.96500235 | M61: =L61*30/100 -> 0.2895007 | N61: =(L61*6/100) -> 0.057900141 | O61: =K61*2/1000 -> 0.1905354 | P61: =K61*3/1000 -> 0.2858031 | Q61: =K61*1/1000 -> 0.0952677
... A326: RRAS 12 | B326: Araçatuba | C326: Consórcio do DRS II | D326: Turiúba | E326: 11 | F326: 20.6 | G326: 1 | H326: 100 | I326: 100 | J326: =(E326*(1-F326/100)*1.1) -> 9.6074 | K326: =E326*(1-F326/100) -> 8.734 | L326: =((J326*2.5)/(365*0.9))*1.21 -> 0.08846997 | M326: =L326*30/100 -> 0.026540991 | N326: =(L326*6/100) -> 0.0053081982 | O326: =K326*2/1000 -> 0.017468 | P326: =K326*3/1000 -> 0.026202 | Q326: =K326*1/1000 -> 0.008734
A327: RRAS 12 | B327: Sao José do Rio Preto | C327: Catanduva | D327: Ariranha | E327: 46 | F327: 38.33 | G327: 3 | H327: 100 | I327: 100 | J327: 61.03856 | K327: 55.4896 | L327: =((J327*2.5)/(365*0.9))*1.21 -> 0.56207502 | M327: =L327*30/100 -> 0.16862251 | N327: =(L327*6/100) -> 0.033724501 | O327: =K327*2/1000 -> 0.1109792 | P327: =K327*3/1000 -> 0.1664688 | Q327: =K327*1/1000 -> 0.0554896
A328: RRAS 12 | B328: Sao José do Rio Preto | C328: Catanduva | D328: Catanduva | E328: 1153 | F328: 40.84 | G328: 23 | H328: 65.11 | I328: 97.51 | J328: 844.65051 | K328: 767.8641 | L328: =((J328*2.5)/(365*0.9))*1.21 -> 7.7779841 | M328: =L328*30/100 -> 2.3333952 | N328: =(L328*6/100) -> 0.46667905 | O328: =K328*2/1000 -> 1.5357282 | P328: =K328*3/1000 -> 2.3035923 | Q328: =K328*1/1000 -> 0.7678641
A329: RRAS 12 | B329: Sao José do Rio Preto | C329: Catanduva | D329: Catiguá | E329: 52 | F329: 45.91 | G329: 2 | H329: 0 | I329: 100 | J329: 44.24365 | K329: 40.2215 | L329: =((J329*2.5)/(365*0.9))*1.21 -> 0.40741869 | M329: =L329*30/100 -> 0.12222561 | N329: =(L329*6/100) -> 0.024445122 | O329: =K329*2/1000 -> 0.080443 | P329: =K329*3/1000 -> 0.1206645 | Q329: =K329*1/1000 -> 0.0402215
A330: RRAS 12 | B330: Sao José do Rio Preto | C330: Catanduva | D330: Elisiário | E330: 29 | F330: 34.41 | G330: 1 | H330: 0 | I330: 0 | J330: 22.30767 | K330: 20.2797 | L330: =((J330*2.5)/(365*0.9))*1.21 -> 0.20542071 | M330: =L330*30/100 -> 0.061626212 | N330: =(L330*6/100) -> 0.012325242 | O330: =K330*2/1000 -> 0.0405594 | P330: =K330*3/1000 -> 0.0608391 | Q330: =K330*1/1000 -> 0.0202797
A331: RRAS 12 | B331: Sao José do Rio Preto | C331: Catanduva | D331: Embaúba | E331: 19 | F331: 26.47 | G331: 1 | H331: 0 | I331: 100 | J331: 21.13375 | K331: 19.2125 | L331: =((J331*2.5)/(365*0.9))*1.21 -> 0.19461064 | M331: =L331*30/100 -> 0.058383191 | N331: =(L331*6/100) -> 0.011676638 | O331: =K331*2/1000 -> 0.038425 | P331: =K331*3/1000 -> 0.0576375 | Q331: =K331*1/1000 -> 0.0192125
A332: RRAS 12 | B332: Sao José do Rio Preto | C332: Catanduva | D332: Fernando Prestes | E332: 45 | F332: 26.64 | G332: 2 | H332: 100 | I332: 100 | J332: 40.8683 | K332: 37.153 | L332: =((J332*2.5)/(365*0.9))*1.21 -> 0.3763367 | M332: =L332*30/100 -> 0.11290101 | N332: =(L332*6/100) -> 0.022580202 | O332: =K332*2/1000 -> 0.074306 | P332: =K332*3/1000 -> 0.111459 | Q332: =K332*1/1000 -> 0.037153
A333: RRAS 12 | B333: Sao José do Rio Preto | C333: Catanduva | D333: Irapuã | E333: 100 | F333: 22.04 | G333: 3 | H333: 43.16 | I333: 80.7 | J333: 68.77728 | K333: 62.5248 | L333: =((J333*2.5)/(365*0.9))*1.21 -> 0.63333721 | M333: =L333*30/100 -> 0.19000116 | N333: =(L333*6/100) -> 0.038000232 | O333: =K333*2/1000 -> 0.1250496 | P333: =K333*3/1000 -> 0.1875744 | Q333: =K333*1/1000 -> 0.0625248
A334: RRAS 12 | B334: Sao José do Rio Preto | C334: Catanduva | D334: Itajobi | E334: 212 | F334: 21.95 | G334: 5 | H334: 0 | I334: 19.66 | J334: 169.69425 | K334: 154.2675 | L334: =((J334*2.5)/(365*0.9))*1.21 -> 1.5626335 | M334: =L334*30/100 -> 0.46879005 | N334: =(L334*6/100) -> 0.09375801 | O334: =K334*2/1000 -> 0.308535 | P334: =K334*3/1000 -> 0.4628025 | Q334: =K334*1/1000 -> 0.1542675
A335: RRAS 12 | B335: Sao José do Rio Preto | C335: Catanduva | D335: Marapoama | E335: 46 | F335: 19.05 | G335: 1 | H335: 0 | I335: 0 | J335: 28.91658 | K335: 26.2878 | L335: =((J335*2.5)/(365*0.9))*1.21 -> 0.26627901 | M335: =L335*30/100 -> 0.079883703 | N335: =(L335*6/100) -> 0.015976741 | O335: =K335*2/1000 -> 0.0525756 | P335: =K335*3/1000 -> 0.0788634 | Q335: =K335*1/1000 -> 0.0262878
A336: RRAS 12 | B336: Sao José do Rio Preto | C336: Catanduva | D336: Novais | E336: 67 | F336: 23.5 | G336: 1 | H336: 100 | I336: 100 | J336: 51.6648 | K336: 46.968 | L336: =((J336*2.5)/(365*0.9))*1.21 -> 0.47575653 | M336: =L336*30/100 -> 0.14272696 | N336: =(L336*6/100) -> 0.028545392 | O336: =K336*2/1000 -> 0.093936 | P336: =K336*3/1000 -> 0.140904 | Q336: =K336*1/1000 -> 0.046968
A337: RRAS 12 | B337: Sao José do Rio Preto | C337: Catanduva | D337: Novo Horizonte | E337: 407 | F337: 26.43 | G337: 5 | H337: 0 | I337: 80.39 | J337: 351.2124 | K337: 319.284 | L337: =((J337*2.5)/(365*0.9))*1.21 -> 3.2341477 | M337: =L337*30/100 -> 0.9702443 | N337: =(L337*6/100) -> 0.19404886 | O337: =K337*2/1000 -> 0.638568 | P337: =K337*3/1000 -> 0.957852 | Q337: =K337*1/1000 -> 0.319284
A338: RRAS 12 | B338: Sao José do Rio Preto | C338: Catanduva | D338: Palmares Paulista | E338: 89 | F338: 29.19 | G338: 3 | H338: 77.97 | I338: 100 | J338: 107.1972 | K338: 97.452 | L338: =((J338*2.5)/(365*0.9))*1.21 -> 0.98712795 | M338: =L338*30/100 -> 0.29613838 | N338: =(L338*6/100) -> 0.059227677 | O338: =K338*2/1000 -> 0.194904 | P338: =K338*3/1000 -> 0.292356 | Q338: =K338*1/1000 -> 0.097452
... A428: RRAS 12 | B428: Sao José do Rio Preto | C428: Votuporanga | D428: Votuporanga | E428: 1040 | F428: 32.71 | G428: 14 | H428: 72.98 | I428: 100 | J428: 812.6888 | K428: 738.808 | L428: =((J428*2.5)/(365*0.9))*1.21 -> 7.483664 | M428: =L428*30/100 -> 2.2450992 | N428: =(L428*6/100) -> 0.44901984 | O428: =K428*2/1000 -> 1.477616 | P428: =K428*3/1000 -> 2.216424 | Q428: =K428*1/1000 -> 0.738808
A429: RRAS 13 | B429: Barretos | C429: Norte | D429: Altair | E429: 24 | F429: 24 | G429: 1 | H429: 82.93 | I429: 100 | J429: =(E429*(1-F429/100)*1.1) -> 20.064 | K429: =E429*(1-F429/100) -> 18.24 | L429: =((J429*2.5)/(365*0.9))*1.21 -> 0.18475982 | M429: =L429*30/100 -> 0.055427945 | N429: =(L429*6/100) -> 0.011085589 | O429: =K429*2/1000 -> 0.03648 | P429: =K429*3/1000 -> 0.05472 | Q429: =K429*1/1000 -> 0.01824
A430: RRAS 13 | B430: Barretos | C430: Norte | D430: Barretos | E430: 1374 | F430: 25.29 | G430: 16 | H430: 45.21 | I430: 69.04 | J430: =(E430*(1-F430/100)*1.1) -> 1129.1669 | K430: =E430*(1-F430/100) -> 1026.5154 | L430: =((J430*2.5)/(365*0.9))*1.21 -> 10.39796 | M430: =L430*30/100 -> 3.1193881 | N430: =(L430*6/100) -> 0.62387762 | O430: =K430*2/1000 -> 2.0530308 | P430: =K430*3/1000 -> 3.0795462 | Q430: =K430*1/1000 -> 1.0265154
A431: RRAS 13 | B431: Barretos | C431: Norte | D431: Cajobi | E431: 72 | F431: 17.17 | G431: 3 | H431: 65.45 | I431: 93.91 | J431: =(E431*(1-F431/100)*1.1) -> 65.60136 | K431: =E431*(1-F431/100) -> 59.6376 | L431: =((J431*2.5)/(365*0.9))*1.21 -> 0.60409167 | M431: =L431*30/100 -> 0.1812275 | N431: =(L431*6/100) -> 0.0362455 | O431: =K431*2/1000 -> 0.1192752 | P431: =K431*3/1000 -> 0.1789128 | Q431: =K431*1/1000 -> 0.0596376
A432: RRAS 13 | B432: Barretos | C432: Norte | D432: Colina | E432: 204 | F432: 38.16 | G432: 5 | H432: 18.68 | I432: 18.68 | J432: =(E432*(1-F432/100)*1.1) -> 138.76896 | K432: =E432*(1-F432/100) -> 126.1536 | L432: =((J432*2.5)/(365*0.9))*1.21 -> 1.2778572 | M432: =L432*30/100 -> 0.38335717 | N432: =(L432*6/100) -> 0.076671435 | O432: =K432*2/1000 -> 0.2523072 | P432: =K432*3/1000 -> 0.3784608 | Q432: =K432*1/1000 -> 0.1261536
A433: RRAS 13 | B433: Barretos | C433: Norte | D433: Colombia | E433: 104 | F433: 17.48 | G433: 3 | H433: 100 | I433: 100 | J433: =(E433*(1-F433/100)*1.1) -> 94.40288 | K433: =E433*(1-F433/100) -> 85.8208 | L433: =((J433*2.5)/(365*0.9))*1.21 -> 0.86931115 | M433: =L433*30/100 -> 0.26079334 | N433: =(L433*6/100) -> 0.052158669 | O433: =K433*2/1000 -> 0.1716416 | P433: =K433*3/1000 -> 0.2574624 | Q433: =K433*1/1000 -> 0.0858208
A434: RRAS 13 | B434: Barretos | C434: Norte | D434: Guaíra | E434: 431 | F434: 40.27 | G434: 7 | H434: 84.58 | I434: 100 | J434: =(E434*(1-F434/100)*1.1) -> 283.17993 | K434: =E434*(1-F434/100) -> 257.4363 | L434: =((J434*2.5)/(365*0.9))*1.21 -> 2.6076691 | M434: =L434*30/100 -> 0.78230072 | N434: =(L434*6/100) -> 0.15646014 | O434: =K434*2/1000 -> 0.5148726 | P434: =K434*3/1000 -> 0.7723089 | Q434: =K434*1/1000 -> 0.2574363
A435: RRAS 13 | B435: Barretos | C435: Norte | D435: Guaraci | E435: 90 | F435: 25.6 | G435: 3 | H435: 92.51 | I435: 92.51 | J435: =(E435*(1-F435/100)*1.1) -> 73.656 | K435: =E435*(1-F435/100) -> 66.96 | L435: =((J435*2.5)/(365*0.9))*1.21 -> 0.67826301 | M435: =L435*30/100 -> 0.2034789 | N435: =(L435*6/100) -> 0.040695781 | O435: =K435*2/1000 -> 0.13392 | P435: =K435*3/1000 -> 0.20088 | Q435: =K435*1/1000 -> 0.06696
A436: RRAS 13 | B436: Barretos | C436: Norte | D436: Jaborandi | E436: 47 | F436: 22.34 | G436: 2 | H436: 99.58 | I436: 99.58 | J436: =(E436*(1-F436/100)*1.1) -> 40.15022 | K436: =E436*(1-F436/100) -> 36.5002 | L436: =((J436*2.5)/(365*0.9))*1.21 -> 0.36972425 | M436: =L436*30/100 -> 0.11091727 | N436: =(L436*6/100) -> 0.022183455 | O436: =K436*2/1000 -> 0.0730004 | P436: =K436*3/1000 -> 0.1095006 | Q436: =K436*1/1000 -> 0.0365002
A437: RRAS 13 | B437: Barretos | C437: Norte | D437: Olímpia | E437: 665 | F437: 38.57 | G437: 9 | H437: 44.09 | I437: 100 | J437: =(E437*(1-F437/100)*1.1) -> 449.36045 | K437: =E437*(1-F437/100) -> 408.5095 | L437: =((J437*2.5)/(365*0.9))*1.21 -> 4.1379463 | M437: =L437*30/100 -> 1.2413839 | N437: =(L437*6/100) -> 0.24827678 | O437: =K437*2/1000 -> 0.817019 | P437: =K437*3/1000 -> 1.2255285 | Q437: =K437*1/1000 -> 0.4085095
A438: RRAS 13 | B438: Barretos | C438: Norte | D438: Severínia | E438: 151 | F438: 26.38 | G438: 3 | H438: 59.16 | I438: 59.16 | J438: =(E438*(1-F438/100)*1.1) -> 122.28282 | K438: =E438*(1-F438/100) -> 111.1662 | L438: =((J438*2.5)/(365*0.9))*1.21 -> 1.1260442 | M438: =L438*30/100 -> 0.33781327 | N438: =(L438*6/100) -> 0.067562654 | O438: =K438*2/1000 -> 0.2223324 | P438: =K438*3/1000 -> 0.3334986 | Q438: =K438*1/1000 -> 0.1111662
A439: RRAS 13 | B439: Barretos | C439: Sul | D439: Bebedouro | E439: 783 | F439: 35.84 | G439: 17 | H439: 57.87 | I439: 57.87 | J439: =(E439*(1-F439/100)*1.1) -> 552.61008 | K439: =E439*(1-F439/100) -> 502.3728 | L439: =((J439*2.5)/(365*0.9))*1.21 -> 5.088723 | M439: =L439*30/100 -> 1.5266169 | N439: =(L439*6/100) -> 0.30532338 | O439: =K439*2/1000 -> 1.0047456 | P439: =K439*3/1000 -> 1.5071184 | Q439: =K439*1/1000 -> 0.5023728
A440: RRAS 13 | B440: Barretos | C440: Sul | D440: Monte Azul Paulista | E440: 185 | F440: 27.9 | G440: 9 | H440: 90.75 | I440: 100 | J440: =(E440*(1-F440/100)*1.1) -> 146.7235 | K440: =E440*(1-F440/100) -> 133.385 | L440: =((J440*2.5)/(365*0.9))*1.21 -> 1.3511068 | M440: =L440*30/100 -> 0.40533204 | N440: =(L440*6/100) -> 0.081066409 | O440: =K440*2/1000 -> 0.26677 | P440: =K440*3/1000 -> 0.400155 | Q440: =K440*1/1000 -> 0.133385
... A447: RRAS 13 | B447: Franca | C447: Alta Anhanguera | D447: Ipuã | E447: 155 | F447: 36.14 | G447: 7 | H447: 100 | I447: 100 | J447: =(E447*(1-F447/100)*1.1) -> 108.8813 | K447: =E447*(1-F447/100) -> 98.983 | L447: =((J447*2.5)/(365*0.9))*1.21 -> 1.002636 | M447: =L447*30/100 -> 0.30079081 | N447: =(L447*6/100) -> 0.060158161 | O447: =K447*2/1000 -> 0.197966 | P447: =K447*3/1000 -> 0.296949 | Q447: =K447*1/1000 -> 0.098983
A448: RRAS 13 | B448: Franca | C448: Alta Anhanguera | D448: Morro Agudo | E448: 330 | F448: 35.05 | G448: 10 | H448: 41.86 | I448: 60.06 | J448: 269.07551 | K448: 244.6141 | L448: =((J448*2.5)/(365*0.9))*1.21 -> 2.4777882 | M448: =L448*30/100 -> 0.74333645 | N448: =(L448*6/100) -> 0.14866729 | O448: =K448*2/1000 -> 0.4892282 | P448: =K448*3/1000 -> 0.7338423 | Q448: =K448*1/1000 -> 0.2446141
A449: RRAS 13 | B449: Franca | C449: Alta Anhanguera | D449: Orlândia | E449: 437 | F449: 50.02 | G449: 4 | H449: 31.34 | I449: 55.19 | J449: 262.28048 | K449: 238.4368 | L449: =((J449*2.5)/(365*0.9))*1.21 -> 2.415216 | M449: =L449*30/100 -> 0.7245648 | N449: =(L449*6/100) -> 0.14491296 | O449: =K449*2/1000 -> 0.4768736 | P449: =K449*3/1000 -> 0.7153104 | Q449: =K449*1/1000 -> 0.2384368
A450: RRAS 13 | B450: Franca | C450: Alta Anhanguera | D450: Nuporanga | E450: 70 | F450: 35.67 | G450: 4 | H450: 92.84 | I450: 100 | J450: 57.63032 | K450: 52.3912 | L450: =((J450*2.5)/(365*0.9))*1.21 -> 0.53069016 | M450: =L450*30/100 -> 0.15920705 | N450: =(L450*6/100) -> 0.03184141 | O450: =K450*2/1000 -> 0.1047824 | P450: =K450*3/1000 -> 0.1571736 | Q450: =K450*1/1000 -> 0.0523912
A451: RRAS 13 | B451: Franca | C451: Alta Anhanguera | D451: Sales Oliveira | E451: 132 | F451: 37.98 | G451: 4 | H451: 100 | I451: 100 | J451: 85.95741 | K451: 78.1431 | L451: =((J451*2.5)/(365*0.9))*1.21 -> 0.79154084 | M451: =L451*30/100 -> 0.23746225 | N451: =(L451*6/100) -> 0.04749245 | O451: =K451*2/1000 -> 0.1562862 | P451: =K451*3/1000 -> 0.2344293 | Q451: =K451*1/1000 -> 0.0781431
A452: RRAS 13 | B452: Franca | C452: Alta Anhanguera | D452: São Joaquim da Barra | E452: 569 | F452: 36.03 | G452: 11 | H452: 59.84 | I452: 69.67 | J452: 384.00417 | K452: 349.0947 | L452: =((J452*2.5)/(365*0.9))*1.21 -> 3.5361115 | M452: =L452*30/100 -> 1.0608334 | N452: =(L452*6/100) -> 0.21216669 | O452: =K452*2/1000 -> 0.6981894 | P452: =K452*3/1000 -> 1.0472841 | Q452: =K452*1/1000 -> 0.3490947
A453: RRAS 13 | B453: Franca | C453: Alta Mogiana | D453: Aramina | E453: 67 | F453: 33.39 | G453: 3 | H453: 100 | I453: 100 | J453: 54.53976 | K453: 49.5816 | L453: =((J453*2.5)/(365*0.9))*1.21 -> 0.50223067 | M453: =L453*30/100 -> 0.1506692 | N453: =(L453*6/100) -> 0.03013384 | O453: =K453*2/1000 -> 0.0991632 | P453: =K453*3/1000 -> 0.1487448 | Q453: =K453*1/1000 -> 0.0495816
A454: RRAS 13 | B454: Franca | C454: Alta Mogiana | D454: Buritizal | E454: 39 | F454: 35.72 | G454: 1 | H454: 76.99 | I454: 76.99 | J454: 34.6445 | K454: 31.495 | L454: =((J454*2.5)/(365*0.9))*1.21 -> 0.3190247 | M454: =L454*30/100 -> 0.095707409 | N454: =(L454*6/100) -> 0.019141482 | O454: =K454*2/1000 -> 0.06299 | P454: =K454*3/1000 -> 0.094485 | Q454: =K454*1/1000 -> 0.031495
A455: RRAS 13 | B455: Franca | C455: Alta Mogiana | D455: Guará | E455: 185 | F455: 27.5 | G455: 7 | H455: 65.03 | I455: 100 | J455: 157.72185 | K455: 143.3835 | L455: =((J455*2.5)/(365*0.9))*1.21 -> 1.4523854 | M455: =L455*30/100 -> 0.43571561 | N455: =(L455*6/100) -> 0.087143123 | O455: =K455*2/1000 -> 0.286767 | P455: =K455*3/1000 -> 0.4301505 | Q455: =K455*1/1000 -> 0.1433835
A456: RRAS 13 | B456: Franca | C456: Alta Mogiana | D456: Igarapava | E456: 265 | F456: 34.95 | G456: 6 | H456: 34.01 | I456: 43.87 | J456: 213.52485 | K456: 194.1135 | L456: =((J456*2.5)/(365*0.9))*1.21 -> 1.9662486 | M456: =L456*30/100 -> 0.58987459 | N456: =(L456*6/100) -> 0.11797492 | O456: =K456*2/1000 -> 0.388227 | P456: =K456*3/1000 -> 0.5823405 | Q456: =K456*1/1000 -> 0.1941135
A457: RRAS 13 | B457: Franca | C457: Alta Mogiana | D457: Ituverava | E457: 412 | F457: 37.08 | G457: 10 | H457: 65.99 | I457: 95.83 | J457: 344.17955 | K457: 312.8905 | L457: =((J457*2.5)/(365*0.9))*1.21 -> 3.1693855 | M457: =L457*30/100 -> 0.95081565 | N457: =(L457*6/100) -> 0.19016313 | O457: =K457*2/1000 -> 0.625781 | P457: =K457*3/1000 -> 0.9386715 | Q457: =K457*1/1000 -> 0.3128905
A458: RRAS 13 | B458: Franca | C458: Alta Mogiana | D458: Miguelópolis | E458: 204 | F458: 34.86 | G458: 7 | H458: 31.04 | I458: 66.81 | J458: 197.15256 | K458: 179.2296 | L458: =((J458*2.5)/(365*0.9))*1.21 -> 1.815484 | M458: =L458*30/100 -> 0.5446452 | N458: =(L458*6/100) -> 0.10892904 | O458: =K458*2/1000 -> 0.3584592 | P458: =K458*3/1000 -> 0.5376888 | Q458: =K458*1/1000 -> 0.1792296
A459: RRAS 13 | B459: Franca | C459: Três Colinas | D459: Cristais Paulista | E459: 94 | F459: 17.83 | G459: 3 | H459: 79.94 | I459: 100 | J459: 91.54288 | K459: 83.2208 | L459: =((J459*2.5)/(365*0.9))*1.21 -> 0.84297477 | M459: =L459*30/100 -> 0.25289243 | N459: =(L459*6/100) -> 0.050578486 | O459: =K459*2/1000 -> 0.1664416 | P459: =K459*3/1000 -> 0.2496624 | Q459: =K459*1/1000 -> 0.0832208
... A468: RRAS 13 | B468: Franca | C468: Três Colinas | D468: São José da Bela Vista | E468: 70 | F468: 15.74 | G468: 4 | H468: 77.28 | I468: 77.28 | J468: 79.12971 | K468: 71.9361 | L468: =((J468*2.5)/(365*0.9))*1.21 -> 0.7286678 | M468: =L468*30/100 -> 0.21860034 | N468: =(L468*6/100) -> 0.043720068 | O468: =K468*2/1000 -> 0.1438722 | P468: =K468*3/1000 -> 0.2158083 | Q468: =K468*1/1000 -> 0.0719361
A469: RRAS 13 | B469: Ribeirão Preto | C469: Aquífero Guarani | D469: Cravinhos | E469: 353 | F469: 44.45 | G469: 6 | H469: 19.55 | I469: 52.7 | J469: =(E469*(1-F469/100)*1.1) -> 215.70065 | K469: =E469*(1-F469/100) -> 196.0915 | L469: =((J469*2.5)/(365*0.9))*1.21 -> 1.9862845 | M469: =L469*30/100 -> 0.59588536 | N469: =(L469*6/100) -> 0.11917707 | O469: =K469*2/1000 -> 0.392183 | P469: =K469*3/1000 -> 0.5882745 | Q469: =K469*1/1000 -> 0.1960915
A470: RRAS 13 | B470: Ribeirão Preto | C470: Aquífero Guarani | D470: Guatapará | E470: 88 | F470: 27.84 | G470: 3 | H470: 90.13 | I470: 90.13 | J470: =(E470*(1-F470/100)*1.1) -> 69.85088 | K470: =E470*(1-F470/100) -> 63.5008 | L470: =((J470*2.5)/(365*0.9))*1.21 -> 0.64322348 | M470: =L470*30/100 -> 0.19296704 | N470: =(L470*6/100) -> 0.038593409 | O470: =K470*2/1000 -> 0.1270016 | P470: =K470*3/1000 -> 0.1905024 | Q470: =K470*1/1000 -> 0.0635008
A471: RRAS 13 | B471: Ribeirão Preto | C471: Aquífero Guarani | D471: Jardinópolis | E471: 475 | F471: 29.18 | G471: 10 | H471: 54.42 | I471: 100 | J471: =(E471*(1-F471/100)*1.1) -> 370.0345 | K471: =E471*(1-F471/100) -> 336.395 | L471: =((J471*2.5)/(365*0.9))*1.21 -> 3.4074714 | M471: =L471*30/100 -> 1.0222414 | N471: =(L471*6/100) -> 0.20444829 | O471: =K471*2/1000 -> 0.67279 | P471: =K471*3/1000 -> 1.009185 | Q471: =K471*1/1000 -> 0.336395
A472: RRAS 13 | B472: Ribeirão Preto | C472: Aquífero Guarani | D472: Luís Antonio | E472: 139 | F472: 41.03 | G472: 3 | H472: 0 | I472: 100 | J472: =(E472*(1-F472/100)*1.1) -> 90.16513 | K472: =E472*(1-F472/100) -> 81.9683 | L472: =((J472*2.5)/(365*0.9))*1.21 -> 0.83028773 | M472: =L472*30/100 -> 0.24908632 | N472: =(L472*6/100) -> 0.049817264 | O472: =K472*2/1000 -> 0.1639366 | P472: =K472*3/1000 -> 0.2459049 | Q472: =K472*1/1000 -> 0.0819683
A473: RRAS 13 | B473: Ribeirão Preto | C473: Aquífero Guarani | D473: Ribeirão Preto | E473: 7500 | F473: 46.59 | G473: 46 | H473: 23.55 | I473: 63.9 | J473: =(E473*(1-F473/100)*1.1) -> 4406.325 | K473: =E473*(1-F473/100) -> 4005.75 | L473: =((J473*2.5)/(365*0.9))*1.21 -> 40.575748 | M473: =L473*30/100 -> 12.172724 | N473: =(L473*6/100) -> 2.4345449 | O473: =K473*2/1000 -> 8.0115 | P473: =K473*3/1000 -> 12.01725 | Q473: =K473*1/1000 -> 4.00575
A474: RRAS 13 | B474: Ribeirão Preto | C474: Aquífero Guarani | D474: Santa Rita do Passa Quatro | E474: 203 | F474: 36.42 | G474: 5 | H474: 25.04 | I474: 68.59 | J474: =(E474*(1-F474/100)*1.1) -> 141.97414 | K474: =E474*(1-F474/100) -> 129.0674 | L474: =((J474*2.5)/(365*0.9))*1.21 -> 1.3073722 | M474: =L474*30/100 -> 0.39221167 | N474: =(L474*6/100) -> 0.078442333 | O474: =K474*2/1000 -> 0.2581348 | P474: =K474*3/1000 -> 0.3872022 | Q474: =K474*1/1000 -> 0.1290674
A475: RRAS 13 | B475: Ribeirão Preto | C475: Aquífero Guarani | D475: Santa Rosa do Viterbo | E475: 201 | F475: 34.65 | G475: 3 | H475: 26 | I475: 51.43 | J475: =(E475*(1-F475/100)*1.1) -> 144.48885 | K475: =E475*(1-F475/100) -> 131.3535 | L475: =((J475*2.5)/(365*0.9))*1.21 -> 1.330529 | M475: =L475*30/100 -> 0.3991587 | N475: =(L475*6/100) -> 0.079831739 | O475: =K475*2/1000 -> 0.262707 | P475: =K475*3/1000 -> 0.3940605 | Q475: =K475*1/1000 -> 0.1313535
A476: RRAS 13 | B476: Ribeirão Preto | C476: Aquífero Guarani | D476: São Simão | E476: 126 | F476: 25.12 | G476: 3 | H476: 0 | I476: 100 | J476: =(E476*(1-F476/100)*1.1) -> 103.78368 | K476: =E476*(1-F476/100) -> 94.3488 | L476: =((J476*2.5)/(365*0.9))*1.21 -> 0.95569447 | M476: =L476*30/100 -> 0.28670834 | N476: =(L476*6/100) -> 0.057341668 | O476: =K476*2/1000 -> 0.1886976 | P476: =K476*3/1000 -> 0.2830464 | Q476: =K476*1/1000 -> 0.0943488
A477: RRAS 13 | B477: Ribeirão Preto | C477: Aquífero Guarani | D477: Serra Azul | E477: 106 | F477: 12.17 | G477: 4 | H477: 70.59 | I477: 100 | J477: =(E477*(1-F477/100)*1.1) -> 102.40978 | K477: =E477*(1-F477/100) -> 93.0998 | L477: =((J477*2.5)/(365*0.9))*1.21 -> 0.94304288 | M477: =L477*30/100 -> 0.28291286 | N477: =(L477*6/100) -> 0.056582573 | O477: =K477*2/1000 -> 0.1861996 | P477: =K477*3/1000 -> 0.2792994 | Q477: =K477*1/1000 -> 0.0930998
A478: RRAS 13 | B478: Ribeirão Preto | C478: Aquífero Guarani | D478: Serrana | E478: 573 | F478: 30.4 | G478: 7 | H478: 30.59 | I478: 43.9 | J478: =(E478*(1-F478/100)*1.1) -> 438.6888 | K478: =E478*(1-F478/100) -> 398.808 | L478: =((J478*2.5)/(365*0.9))*1.21 -> 4.0396762 | M478: =L478*30/100 -> 1.2119028 | N478: =(L478*6/100) -> 0.24238057 | O478: =K478*2/1000 -> 0.797616 | P478: =K478*3/1000 -> 1.196424 | Q478: =K478*1/1000 -> 0.398808
A479: RRAS 13 | B479: Ribeirão Preto | C479: Horizonte Verde | D479: Barrinha | E479: 419 | F479: 36.39 | G479: 4 | H479: 31.54 | I479: 56.69 | J479: =(E479*(1-F479/100)*1.1) -> 293.17849 | K479: =E479*(1-F479/100) -> 266.5259 | L479: =((J479*2.5)/(365*0.9))*1.21 -> 2.699741 | M479: =L479*30/100 -> 0.80992231 | N479: =(L479*6/100) -> 0.16198446 | O479: =K479*2/1000 -> 0.5330518 | P479: =K479*3/1000 -> 0.7995777 | Q479: =K479*1/1000 -> 0.2665259
A480: RRAS 13 | B480: Ribeirão Preto | C480: Horizonte Verde | D480: Dumont | E480: 85 | F480: 43.06 | G480: 2 | H480: 34.96 | I480: 100 | J480: =(E480*(1-F480/100)*1.1) -> 53.2389 | K480: =E480*(1-F480/100) -> 48.399 | L480: =((J480*2.5)/(365*0.9))*1.21 -> 0.49025167 | M480: =L480*30/100 -> 0.1470755 | N480: =(L480*6/100) -> 0.0294151 | O480: =K480*2/1000 -> 0.096798 | P480: =K480*3/1000 -> 0.145197 | Q480: =K480*1/1000 -> 0.048399
... A521: RRAS 15 | B521: Campinas | C521: Circuito das Aguas | D521: Águas de Lindóia | E521: 221 | F521: 15.78 | G521: 4 | H521: 36.89 | I521: 100 | J521: =(E521*(1-F521/100)*1.1) -> 204.73882 | K521: =E521*(1-F521/100) -> 186.1262 | L521: =((J521*2.5)/(365*0.9))*1.21 -> 1.8853423 | M521: =L521*30/100 -> 0.56560268 | N521: =(L521*6/100) -> 0.11312054 | O521: =K521*2/1000 -> 0.3722524 | P521: =K521*3/1000 -> 0.5583786 | Q521: =K521*1/1000 -> 0.1861262
A522: RRAS 15 | B522: Campinas | C522: Reg. Metrop. Campinas | D522: Americana | E522: 2311 | F522: 54.32 | G522: 21 | H522: 14.4 | I522: 34,35 | J522: =(E522*(1-F522/100)*1.1) -> 1161.2313 | K522: =E522*(1-F522/100) -> 1055.6648 | L522: =((J522*2.5)/(365*0.9))*1.21 -> 10.693226 | M522: =L522*30/100 -> 3.2079677 | N522: =(L522*6/100) -> 0.64159354 | O522: =K522*2/1000 -> 2.1113296 | P522: =K522*3/1000 -> 3.1669944 | Q522: =K522*1/1000 -> 1.0556648
A523: RRAS 15 | B523: Campinas | C523: Circuito das Aguas | D523: Amparo | E523: 721 | F523: 47.7 | G523: 16 | H523: 100 | I523: 100 | J523: =(E523*(1-F523/100)*1.1) -> 414.7913 | K523: =E523*(1-F523/100) -> 377.083 | L523: =((J523*2.5)/(365*0.9))*1.21 -> 3.8196155 | M523: =L523*30/100 -> 1.1458846 | N523: =(L523*6/100) -> 0.22917693 | O523: =K523*2/1000 -> 0.754166 | P523: =K523*3/1000 -> 1.131249 | Q523: =K523*1/1000 -> 0.377083
...

Sheet RRAS 6 - Tabela 1 APS + Leitos 
A1: RRAS | B1: COORDENADORIA DE SAÚDE | C1: SUPERVISÃO DE SAÚDE | D1: MUNICÍPIO DA RRAS | E1: DRS | F1: NASCIDOS VIVOS | G1: COBERTURA ANS (%) | H1: Nº DE UBS | I1: COBERTURA ESF (%) | J1: COBERTURA AB (%) | K1: GESTANTES SUSDEPENDENTES ESTIMADAS/ANO | L1: NASCIDOS VIVOS SUSDEPENDENTES ESTIMADOS/ANO | M1: LEITOS OBSTÉTRICOS | N1: LEITOS GAR PARA ATENDER AS GESTANTES SUSDEPENDENTES DO MUNICÍPIO - RRAS | O1: LEITOS UTI ADULTO | P1: LEITOS UTIN | Q1: LEITOS UCINCO | R1: LEITOS UCINCA | S1: CPN I: 3 LEITOS | T1: CPN I: 5 LEITOS | U1: CPN II: 3 LEITOS | V1: CPN II: 5 LEITOS | W1: CGBP: 10 LEITOS | X1: CGBP: 15 LEITOS | Y1: CGBP: 20 LEITOS | Z1: BLH
A2: RRAS 6 | B2: CRS NORTE | C2: Casa Verde / Cachoeirinha | D2: São Paulo | E2: Grande São Paulo | F2: 3521 | G2: 49.26 | H2: 14 | J2: 70.61 | K2: =(F2*(1-G2/100)*1.1) -> 1965.2109 | L2: =F2*(1-G2/100) -> 1786.5554 | M2: =((K2*2.5)/(365*0.9))*1.21 -> 18.096691 | N2: =M2*30/100 -> 5.4290074 | O2: =(M2*6/100) -> 1.0858015 | P2: =L2*2/1000 -> 3.5731108 | Q2: =L2*3/1000 -> 5.3596662 | R2: =L2*1/1000 -> 1.7865554
A3: RRAS 6 | B3: CRS NORTE | C3: Freguesia do Ó / Brasilândia | D3: São Paulo | E3: Grande São Paulo | F3: 4571 | G3: 49.26 | H3: 21 | J3: 70.61 | K3: =(F3*(1-G3/100)*1.1) -> 2551.2579 | L3: =F3*(1-G3/100) -> 2319.3254 | M3: =((K3*2.5)/(365*0.9))*1.21 -> 23.493319 | N3: =M3*30/100 -> 7.0479957 | O3: =(M3*6/100) -> 1.4095991 | P3: =L3*2/1000 -> 4.6386508 | Q3: =L3*3/1000 -> 6.9579762 | R3: =L3*1/1000 -> 2.3193254
A4: RRAS 6 | B4: CRS NORTE | C4: Perus | D4: São Paulo | E4: Grande São Paulo | F4: 1996 | G4: 49.26 | H4: 7 | J4: 70.61 | K4: =(F4*(1-G4/100)*1.1) -> 1114.0474 | L4: =F4*(1-G4/100) -> 1012.7704 | M4: =((K4*2.5)/(365*0.9))*1.21 -> 10.258732 | N4: =M4*30/100 -> 3.0776196 | O4: =(M4*6/100) -> 0.61552393 | P4: =L4*2/1000 -> 2.0255408 | Q4: =L4*3/1000 -> 3.0383112 | R4: =L4*1/1000 -> 1.0127704
A5: RRAS 6 | B5: CRS NORTE | C5: Pirituba | D5: São Paulo | E5: Grande São Paulo | F5: 5317 | G5: 49.26 | H5: 22 | J5: 70.61 | K5: =(F5*(1-G5/100)*1.1) -> 2967.6304 | L5: =F5*(1-G5/100) -> 2697.8458 | M5: =((K5*2.5)/(365*0.9))*1.21 -> 27.327494 | N5: =M5*30/100 -> 8.1982483 | O5: =(M5*6/100) -> 1.6396497 | P5: =L5*2/1000 -> 5.3956916 | Q5: =L5*3/1000 -> 8.0935374 | R5: =L5*1/1000 -> 2.6978458
A6: RRAS 6 | B6: CRS NORTE | C6: Santana / Jaçanã | D6: São Paulo | E6: Grande São Paulo | F6: 6300 | G6: 49.26 | H6: 20 | J6: 70.61 | K6: =(F6*(1-G6/100)*1.1) -> 3516.282 | L6: =F6*(1-G6/100) -> 3196.62 | M6: =((K6*2.5)/(365*0.9))*1.21 -> 32.379766 | N6: =M6*30/100 -> 9.7139297 | O6: =(M6*6/100) -> 1.9427859 | P6: =L6*2/1000 -> 6.39324 | Q6: =L6*3/1000 -> 9.58986 | R6: =L6*1/1000 -> 3.19662
A7: RRAS 6 | B7: CRS NORTE | C7: Vila Maria / Vila Guilherme | D7: São Paulo | E7: Grande São Paulo | F7: 3682 | G7: 49.26 | H7: 13 | J7: 70.61 | K7: =(F7*(1-G7/100)*1.1) -> 2055.0715 | L7: =F7*(1-G7/100) -> 1868.2468 | M7: =((K7*2.5)/(365*0.9))*1.21 -> 18.924174 | N7: =M7*30/100 -> 5.6772523 | O7: =(M7*6/100) -> 1.1354505 | P7: =L7*2/1000 -> 3.7364936 | Q7: =L7*3/1000 -> 5.6047404 | R7: =L7*1/1000 -> 1.8682468
A8: RRAS 6 | B8: CRS SUL | C8: Capela do Socorro | D8: São Paulo | E8: Grande São Paulo | F8: 7472 | G8: 38.2 | H8: 26 | J8: 0.815 | K8: =(F8*(1-G8/100)*1.1) -> 5079.4656 | L8: =F8*(1-G8/100) -> 4617.696 | M8: =((K8*2.5)/(365*0.9))*1.21 -> 46.774379 | N8: =M8*30/100 -> 14.032314 | O8: =(M8*6/100) -> 2.8064627 | P8: =L8*2/1000 -> 9.235392 | Q8: =L8*3/1000 -> 13.853088 | R8: =L8*1/1000 -> 4.617696
A9: RRAS 6 | B9: CRS SUL | C9: Parelheiros | D9: São Paulo | E9: Grande São Paulo | F9: 2290 | G9: 25.3 | H9: 19 | J9: 1.116 | K9: =(F9*(1-G9/100)*1.1) -> 1881.693 | L9: =F9*(1-G9/100) -> 1710.63 | M9: =((K9*2.5)/(365*0.9))*1.21 -> 17.327614 | N9: =M9*30/100 -> 5.1982843 | O9: =(M9*6/100) -> 1.0396569 | P9: =L9*2/1000 -> 3.42126 | Q9: =L9*3/1000 -> 5.13189 | R9: =L9*1/1000 -> 1.71063
A10: RRAS 6 | B10: CRS SUL | C10: Santo Amaro / Cidade Ademar | D10: São Paulo | E10: Grande São Paulo | F10: 7395 | G10: 42.7 | H10: 27 | J10: 0.712 | K10: =(F10*(1-G10/100)*1.1) -> 4661.0685 | L10: =F10*(1-G10/100) -> 4237.335 | M10: =((K10*2.5)/(365*0.9))*1.21 -> 42.921559 | N10: =M10*30/100 -> 12.876468 | O10: =(M10*6/100) -> 2.5752936 | P10: =L10*2/1000 -> 8.47467 | Q10: =L10*3/1000 -> 12.712005 | R10: =L10*1/1000 -> 4.237335
A11: RRAS 6 | B11: CRS SUL | C11: M Boi Mirim | D11: São Paulo | E11: Grande São Paulo | F11: 7328 | G11: 30.6 | H11: 30 | J11: 1.112 | K11: =(F11*(1-G11/100)*1.1) -> 5594.1952 | L11: =F11*(1-G11/100) -> 5085.632 | M11: =((K11*2.5)/(365*0.9))*1.21 -> 51.514278 | N11: =M11*30/100 -> 15.454284 | O11: =(M11*6/100) -> 3.0908567 | P11: =L11*2/1000 -> 10.171264 | Q11: =L11*3/1000 -> 15.256896 | R11: =L11*1/1000 -> 5.085632
A12: RRAS 6 | B12: CRS SUL | C12: Campo Limpo | D12: São Paulo | E12: Grande São Paulo | F12: 7942 | G12: 39.6 | H12: 26 | J12: 0.934 | K12: =(F12*(1-G12/100)*1.1) -> 5276.6648 | L12: =F12*(1-G12/100) -> 4796.968 | M12: =((K12*2.5)/(365*0.9))*1.21 -> 48.590292 | N12: =M12*30/100 -> 14.577088 | O12: =(M12*6/100) -> 2.9154175 | P12: =L12*2/1000 -> 9.593936 | Q12: =L12*3/1000 -> 14.390904 | R12: =L12*1/1000 -> 4.796968
A13: RRAS 6 | B13: CRS LESTE | C13: Cidade Tiradentes | D13: São Paulo | E13: Grande São Paulo | F13: 2684 | G13: 50.74 | H13: 13 | J13: 70.3 | K13: =(F13*(1-G13/100)*1.1) -> 1454.3522 | L13: =F13*(1-G13/100) -> 1322.1384 | M13: =((K13*2.5)/(365*0.9))*1.21 -> 13.392437 | N13: =M13*30/100 -> 4.0177311 | O13: =(M13*6/100) -> 0.80354621 | P13: =L13*2/1000 -> 2.6442768 | Q13: =L13*3/1000 -> 3.9664152 | R13: =L13*1/1000 -> 1.3221384
... A28: RRAS 6 | B28: CRS SUDESTE | C28: Penha | D28: São Paulo | E28: Grande São Paulo | F28: 5004 | G28: 45.4 | H28: 20 | J28: 61.4 | K28: =(F28*(1-G28/100)*1.1) -> 3005.4024 | L28: =F28*(1-G28/100) -> 2732.184 | M28: =((K28*2.5)/(365*0.9))*1.21 -> 27.675319 | N28: =M28*30/100 -> 8.3025957 | O28: =(M28*6/100) -> 1.6605191 | P28: =L28*2/1000 -> 5.464368 | Q28: =L28*3/1000 -> 8.196552 | R28: =L28*1/1000 -> 2.732184

Sheet Tabela 1 APS - Ref. AAE + BR
A1: RRAS | B1: DRS | C1: REGIÃO DE SAÚDE | D1: MUNICÍPIO DA RRAS | E1: CNES | F1: NOME DO ESTABELECIMENTO | G1: MUNICÍPIO DO ESTABELECIMENTO | H1: TIPO DE ATENDIMENTO
A2: RRAS 1 | B2: Grande São Paulo | C2: Grande ABC | D2: Diadema | E2: 5851084 | F2: Quarteirão da Saúde - Eng. Osvaldo Misso | G2: Diadema | H2: AAE
A3: RRAS 1 | B3: Grande São Paulo | C3: Grande ABC | D3: Mauá | E3: 2082349 | F3: Hospital de Clínicas Dr. Radamés Nardini | G3: Mauá | H3: AAE
A4: RRAS 1 | B4: Grande São Paulo | C4: Grande ABC | D4: Ribeirão Pires | E4: 2906562 | F4: CAISM - Centro de Atenção Integral a Saúde da Mulher | G4: Ribeirão Pires | H4: AAE
A5: RRAS 1 | B5: Grande São Paulo | C5: Grande ABC | D5: Rio Grande da Serra | E5: 2906562 | F5: CAISM - Centro de Atenção Integral a Saúde da Mulher | G5: Ribeirão Pires | H5: AAE
A6: RRAS 1 | B6: Grande São Paulo | C6: Grande ABC | D6: Santo André | E6: 6020917 | F6: Hospital da Mulher - Maria José dos Santos Stein | G6: Santo André | H6: AAE
A7: RRAS 1 | B7: Grande São Paulo | C7: Grande ABC | D7: São Bernardo do Campo | E7: 2035081 | F7: CAISM - Centro de Atenção Integral a Saúde da Mulher | G7: São Bernardo do Campo | H7: AAE
A8: RRAS 1 | B8: Grande São Paulo | C8: Grande ABC | D8: São Caetano do Sul | E8: 2038196 | F8: CAISM - Centro de Atenção Integral a Saúde da Mulher Sc do Sul | G8: São Caetano do Sul | H8: AAE
A9: RRAS 2 | B9: Grande São Paulo | C9: Alto Tietê | D9: Arujá | E9: 9001808 | F9: UBS Fazenda Rincão | G9: Arujá | H9: AAE
A10: RRAS 2 | B10: Grande São Paulo | C10: Alto Tietê | D10: Arujá | E10: 2059304 | F10: USF Jd. Emília | G10: Arujá | H10: AAE
A11: RRAS 2 | B11: Grande São Paulo | C11: Alto Tietê | D11: Arujá | E11: 2773848 | F11: USF Mirante | G11: Arujá | H11: AAE
A12: RRAS 2 | B12: Grande São Paulo | C12: Alto Tietê | D12: Arujá | E12: 2773228 | F12: UBS Vila Pilar | G12: Arujá | H12: AAE
A13: RRAS 2 | B13: Grande São Paulo | C13: Alto Tietê | D13: Arujá | E13: 2773856 | F13: USF Barreto Arujá | G13: Arujá | H13: AAE
... A52: RRAS 4 | B52: Grande São Paulo | C52: Mananciais | D52: Vargem Grande Paulista | E52: 7079877 | F52: Centro de Referência da Mulher de Vargem Grande Paulista | G52: Vargem Grande Paulista | H52: AAE
A53: RRAS 5 | B53: Grande São Paulo | C53: Rota dos Bandeirantes | D53: Barueri | E53: 04 | F53: UBS Referência | G53: Barueri | H53: AAE
A54: RRAS 5 | B54: Grande São Paulo | C54: Rota dos Bandeirantes | D54: Carapicuíba | E54: 2792168 | F54: Hospital Geral de Carapicuíba | G54: Carapicuíba | H54: AAE
A55: RRAS 5 | B55: Grande São Paulo | C55: Rota dos Bandeirantes | D55: Itapevi | E55: 9102159 | F55: Centro de Referência da Saúde da Mulher Thereza Farias Santos | G55: Itapevi | H55: AAE
A56: RRAS 5 | B56: Grande São Paulo | C56: Rota dos Bandeirantes | D56: Itapevi | E56: 9454276 | F56: CIS Centro Integrado de Saúde | G56: Itapevi | H56: AAE
A57: RRAS 5 | B57: Grande São Paulo | C57: Rota dos Bandeirantes | D57: Jandira | E57: 5437350 | F57: Centro de Referência da Mulher | G57: Jandira | H57: AAE
A58: RRAS 5 | B58: Grande São Paulo | C58: Rota dos Bandeirantes | D58: Osasco | E58: 3815919 | F58: Casa da Mulher Dinalva Souza Barcellos | G58: Osasco | H58: AAE
A59: RRAS 5 | B59: Grande São Paulo | C59: Rota dos Bandeirantes | D59: Pirapora do Bom Jesus | E59: 2792168 | F59: Hospital Geral de Carapicuíba | G59: Carapicuíba | H59: AAE
A60: RRAS 5 | B60: Grande São Paulo | C60: Rota dos Bandeirantes | D60: Santana de Parnaíba | E60: 7444249 | F60: Centro de Saúde da Mulher Parnaibana | G60: Santana de Parnaíba | H60: AAE
A61: RRAS 7 | B61: Baixada Santista | C61: Baixada Santista | D61: Bertioga | E61: 2079720 | F61: Hospital Guilherme Alvaro Santos | G61: Santos / Bertioga | H61: AAE
A62: RRAS 7 | B62: Baixada Santista | C62: Baixada Santista | D62: Bertioga | E62: 473405 | F62: Centro Especializado em Saúde da Mulher | G62: Santos / Bertioga | H62: AAE
A63: RRAS 7 | B63: Baixada Santista | C63: Baixada Santista | D63: Cubatão | E63: 2071843 | F63: SAISM - Serviço de Atenção Integral à Saúde da Mulher | G63: Cubatão | H63: AAE
A64: RRAS 7 | B64: Baixada Santista | C64: Baixada Santista | D64: Guarujá | E64: 9663851 | F64: Instituto da Mulher Casa Rosa | G64: Guarujá | H64: AAE
A65: RRAS 7 | B65: Baixada Santista | C65: Baixada Santista | D65: Itanhaém | E65: 6345581 | F65: Centro Especializado na Saúde da Criança e da Mulher Paula V – CESCRIM | G65: Itanhaém / Praia Grande | H65: AAE
... A139: RRAS 9 | B139: Bauru | C139: Polo Cuesta | D139: Torre de Pedra | E139: 2748223 | F139: HC da FM de Botucatu | G139: Botucatu | H139: AAE
A140: RRAS 9 | B140: Bauru | C140: Vale do Jurumirim | D140: Águas de Santa Bárbara | E140: 2748223 | F140: HC da FM de Botucatu | G140: Botucatu / Avaré | H140: AAE
A141: RRAS 9 | B141: Bauru | C141: Vale do Jurumirim | D141: Águas de Santa Bárbara | E141: 2831503 | F141: AME Vale do Jurumirim | G141: Botucatu / Avaré | H141: AAE
A142: RRAS 9 | B142: Bauru | C142: Vale do Jurumirim | D142: Arandu | E142: 2748223 | F142: HC da FM de Botucatu | G142: Botucatu / Avaré | H142: AAE
A143: RRAS 9 | B143: Bauru | C143: Vale do Jurumirim | D143: Arandu | E143: 2831503 | F143: AME Vale do Jurumirim | G143: Botucatu / Avaré | H143: AAE
A144: RRAS 9 | B144: Bauru | C144: Vale do Jurumirim | D144: Avaré | E144: 2748223 | F144: HC da FM de Botucatu | G144: Botucatu / Avaré | H144: AAE
A145: RRAS 9 | B145: Bauru | C145: Vale do Jurumirim | D145: Avaré | E145: 2831503 | F145: AME Vale do Jurumirim | G145: Botucatu / Avaré | H145: AAE
A146: RRAS 9 | B146: Bauru | C146: Vale do Jurumirim | D146: Barão de Antonina | E146: 2748223 | F146: HC da FM de Botucatu | G146: Botucatu | H146: AAE
A147: RRAS 9 | B147: Bauru | C147: Vale do Jurumirim | D147: Cerqueira César | E147: 2748223 | F147: HC da FM de Botucatu | G147: Botucatu / Avaré | H147: AAE
A148: RRAS 9 | B148: Bauru | C148: Vale do Jurumirim | D148: Cerqueira César | E148: 2831503 | F148: AME Vale do Jurumirim | G148: Botucatu / Avaré | H148: AAE
A149: RRAS 9 | B149: Bauru | C149: Vale do Jurumirim | D149: Coronel Macedo | E149: 2748223 | F149: HC da FM de Botucatu | G149: Botucatu / Avaré | H149: AAE
A150: RRAS 9 | B150: Bauru | C150: Vale do Jurumirim | D150: Coronel Macedo | E150: 2831503 | F150: AME Vale do Jurumirim | G150: Botucatu / Avaré | H150: AAE
A151: RRAS 9 | B151: Bauru | C151: Vale do Jurumirim | D151: Fartura | E151: 2748223 | F151: HC da FM de Botucatu | G151: Botucatu / Avaré | H151: AAE
A152: RRAS 9 | B152: Bauru | C152: Vale do Jurumirim | D152: Fartura | E152: 2831503 | F152: AME Vale do Jurumirim | G152: Botucatu / Avaré | H152: AAE
A153: RRAS 9 | B153: Bauru | C153: Vale do Jurumirim | D153: Iaras | E153: 2748223 | F153: HC da FM de Botucatu | G153: Botucatu / Avaré | H153: AAE
A154: RRAS 9 | B154: Bauru | C154: Vale do Jurumirim | D154: Iaras | E154: 2831503 | F154: AME Vale do Jurumirim | G154: Botucatu / Avaré | H154: AAE
A155: RRAS 9 | B155: Bauru | C155: Vale do Jurumirim | D155: Itaí | E155: 2748223 | F155: HC da FM de Botucatu | G155: Botucatu / Avaré | H155: AAE
A156: RRAS 9 | B156: Bauru | C156: Vale do Jurumirim | D156: Itaí | E156: 2831503 | F156: AME Vale do Jurumirim | G156: Botucatu / Avaré | H156: AAE
A157: RRAS 9 | B157: Bauru | C157: Vale do Jurumirim | D157: Itaporanga | E157: 2748223 | F157: HC da FM de Botucatu | G157: Botucatu / Avaré | H157: AAE
A158: RRAS 9 | B158: Bauru | C158: Vale do Jurumirim | D158: Itaporanga | E158: 2831503 | F158: AME Vale do Jurumirim | G158: Botucatu / Avaré | H158: AAE
A159: RRAS 9 | B159: Bauru | C159: Vale do Jurumirim | D159: Manduri | E159: 2748223 | F159: HC da FM de Botucatu | G159: Botucatu / Avaré | H159: AAE
A160: RRAS 9 | B160: Bauru | C160: Vale do Jurumirim | D160: Manduri | E160: 2831503 | F160: AME Vale do Jurumirim | G160: Botucatu / Avaré | H160: AAE
A161: RRAS 9 | B161: Bauru | C161: Vale do Jurumirim | D161: Paranapanema | E161: 2748223 | F161: HC da FM de Botucatu | G161: Botucatu / Avaré | H161: AAE
A162: RRAS 9 | B162: Bauru | C162: Vale do Jurumirim | D162: Paranapanema | E162: 2831503 | F162: AME Vale do Jurumirim | G162: Botucatu / Avaré | H162: AAE
A163: RRAS 9 | B163: Bauru | C163: Vale do Jurumirim | D163: Piraju | E163: 2748223 | F163: HC da FM de Botucatu | G163: Botucatu / Avaré | H163: AAE
A164: RRAS 9 | B164: Bauru | C164: Vale do Jurumirim | D164: Piraju | E164: 2831503 | F164: AME Vale do Jurumirim | G164: Botucatu / Avaré | H164: AAE
A165: RRAS 9 | B165: Bauru | C165: Vale do Jurumirim | D165: Sarutaia | E165: 2748223 | F165: HC da FM de Botucatu | G165: Botucatu / Avaré | H165: AAE
A166: RRAS 9 | B166: Bauru | C166: Vale do Jurumirim | D166: Sarutaia | E166: 2831503 | F166: AME Vale do Jurumirim | G166: Botucatu / Avaré | H166: AAE
A167: RRAS 9 | B167: Bauru | C167: Vale do Jurumirim | D167: Taguaí | E167: 2748223 | F167: HC da FM de Botucatu | G167: Botucatu / Avaré | H167: AAE
A168: RRAS 9 | B168: Bauru | C168: Vale do Jurumirim | D168: Taguaí | E168: 2831503 | F168: AME Vale do Jurumirim | G168: Botucatu / Avaré | H168: AAE
A169: RRAS 9 | B169: Bauru | C169: Vale do Jurumirim | D169: Taquarituba | E169: 2748223 | F169: HC da FM de Botucatu | G169: Botucatu / Avaré | H169: AAE
A170: RRAS 9 | B170: Bauru | C170: Vale do Jurumirim | D170: Taquarituba | E170: 2831503 | F170: AME Vale do Jurumirim | G170: Botucatu / Avaré | H170: AAE
A171: RRAS 9 | B171: Bauru | C171: Vale do Jurumirim | D171: Tejupá | E171: 2748223 | F171: HC da FM de Botucatu | G171: Botucatu / Avaré | H171: AAE
A172: RRAS 9 | B172: Bauru | C172: Vale do Jurumirim | D172: Tejupá | E172: 2831503 | F172: AME Vale do Jurumirim | G172: Botucatu / Avaré | H172: AAE
A173: RRAS 10 | B173: Marília | C173: Adamantina | D173: Adamantina | E173: 2025507 | F173: Hospital das Clínicas HCFAMEMA | G173: Marília | H173: AAE
A174: RRAS 10 | B174: Marília | C174: Adamantina | D174: Flórida Paulista | E174: 2025507 | F174: Hospital das Clínicas HCFAMEMA | G174: Marília | H174: AAE
A175: RRAS 10 | B175: Marília | C175: Adamantina | D175: Inúbia Paulista | E175: 2025507 | F175: Hospital das Clínicas HCFAMEMA | G175: Marília | H175: AAE
A176: RRAS 10 | B176: Marília | C176: Adamantina | D176: Lucélia | E176: 2025507 | F176: Hospital das Clínicas HCFAMEMA | G176: Marília | H176: AAE
A177: RRAS 10 | B177: Marília | C177: Adamantina | D177: Mariápolis | E177: 2025507 | F177: Hospital das Clínicas HCFAMEMA | G177: Marília | H177: AAE
A178: RRAS 10 | B178: Marília | C178: Adamantina | D178: Osvaldo Cruz | E178: 2025507 | F178: Hospital das Clínicas HCFAMEMA | G178: Marília | H178: AAE
A179: RRAS 10 | B179: Marília | C179: Adamantina | D179: Pacaembu | E179: 2025507 | F179: Hospital das Clínicas HCFAMEMA | G179: Marília | H179: AAE
A180: RRAS 10 | B180: Marília | C180: Adamantina | D180: Pracinha | E180: 2025507 | F180: Hospital das Clínicas HCFAMEMA | G180: Marília | H180: AAE
A181: RRAS 10 | B181: Marília | C181: Adamantina | D181: Sagres | E181: 2025507 | F181: Hospital das Clínicas HCFAMEMA | G181: Marília | H181: AAE
A182: RRAS 10 | B182: Marília | C182: Adamantina | D182: Salmourão | E182: 2025507 | F182: Hospital das Clínicas HCFAMEMA | G182: Marília | H182: AAE
A183: RRAS 10 | B183: Marília | C183: Assis | D183: Assis | E183: 2083094 | F183: Hospital Regional de Assis | G183: Assis | H183: AAE
... A553: RRAS 15 | B553: Campinas | C553: Reg. Metrop. Campinas | D553: Santo Antônio de Posse | E553: 2082152 | F553: Centro de Atenção Integral de Saúde da Mulher | G553: Campinas | H553: AAE
A554: RRAS 15 | B554: Campinas | C554: Circuito das Aguas | D554: Serra Negra | G554: Serra Negra | H554: AAE
A555: RRAS 15 | B555: Campinas | C555: Reg. Metrop. Campinas | D555: Sumaré | E555: 9609652 | F555: Base de Excelência da Mulher | G555: Sumaré | H555: AAE
A556: RRAS 15 | B556: Campinas | C556: Reg. Metrop. Campinas | D556: Sumaré | E556: 2083981 | F556: Hospital Estadual Sumaré | G556: Sumaré | H556: AAE
A557: RRAS 15 | B557: Campinas | C557: Reg. Metrop. Campinas | D557: Valinhos | E557: 9022309 | F557: Centro de Atenção a Mulher - CAM | G557: Valinhos | H557: AAE
A558: RRAS 15 | B558: Campinas | C558: Reg. Metrop. Campinas | D558: Valinhos | E558: 2082152 | F558: Centro de Atenção Integral de Saúde da Mulher | G558: Campinas | H558: AAE
A559: RRAS 15 | B559: Campinas | C559: Reg. Metrop. Campinas | D559: Vinhedo | E559: 6886582 | F559: Centro de Atenção a Saúde da Mulher | G559: Vinhedo | H559: AAE
A560: RRAS 15 | B560: Campinas | C560: Reg. Metrop. Campinas | D560: Vinhedo | E560: 2082152 | F560: Centro de Atenção Integral de Saúde da Mulher | G560: Campinas | H560: AAE
A561: RRAS 15 | B561: São João da Boa Vista | C561: Mantiqueira | D561: Aguaí | E561: 2749025 | F561: Centro de Especialidades de Aguai | G561: Aguaí | H561: AAE
A562: RRAS 15 | B562: São João da Boa Vista | C562: Mantiqueira | D562: Aguaí | E562: 2082152 | F562: Centro de Atenção Integral de Saúde da Mulher | G562: Campinas | H562: AAE
A563: RRAS 15 | B563: São João da Boa Vista | C563: Mantiqueira | D563: Águas da Prata | E563: 2082152 | F563: Centro de Atenção Integral de Saúde da Mulher | G563: Campinas | H563: AAE
A564: RRAS 15 | B564: São João da Boa Vista | C564: Rio Pardo | D564: Caconde | E564: 2082152 | F564: Centro de Atenção Integral de Saúde da Mulher | G564: Campinas | H564: AAE
A565: RRAS 15 | B565: São João da Boa Vista | C565: Rio Pardo | D565: Casa Branca | E565: 9464093 | F565: Centro de Saúde da Casa Branca | G565: Casa Branca | H565: AAE
A566: RRAS 15 | B566: São João da Boa Vista | C566: Rio Pardo | D566: Casa Branca | E566: 2082152 | F566: Centro de Atenção Integral de Saúde da Mulher | G566: Campinas | H566: AAE
... A730: RRAS 5 | B730: Grande São Paulo | C730: Rota dos Bandeirantes | D730: Jandira | E730: 2078104 | F730: Hospital Geral de Itapevi | G730: Itapevi | H730: BR
A731: RRAS 5 | B731: Grande São Paulo | C731: Rota dos Bandeirantes | D731: Osasco | E731: 0008036 | F731: Hospital e Maternidade Municipal Amador Aguiar | G731: Osasco | H731: BR
A732: RRAS 5 | B732: Grande São Paulo | C732: Rota dos Bandeirantes | D732: Pirapora do Bom Jesus | E732: 2078104 | F732: Hospital Geral de Itapevi | G732: Itapevi | H732: BR
A733: RRAS 5 | B733: Grande São Paulo | C733: Rota dos Bandeirantes | D733: Santana de Parnaíba | E733: 2072513 | F733: Hospital e Maternidade Municipal Santa Ana | G733: Santana de Parnaíba | H733: BR
A734: RRAS 7 | B734: Baixada Santista | C734: Baixada Santista | D734: Bertioga | E734: 2083272 | F734: Hospital Municipal de Bertioga | G734: Bertioga | H734: BR
A735: RRAS 7 | B735: Baixada Santista | C735: Baixada Santista | D735: Cubatão | E735: 2078473 | F735: Hospital Dr. Luiz Camargo da Fonseca e Silva | G735: Cubatão | H735: BR
A736: RRAS 7 | B736: Baixada Santista | C736: Baixada Santista | D736: Guarujá | E736: 2754843 | F736: Hospital Santo Amaro | G736: Guarujá | H736: BR
A737: RRAS 7 | B737: Baixada Santista | C737: Baixada Santista | D737: Itanhaém | E737: 2087804 | F737: Hospital Regional Jorge Rossmann | G737: Itanhaém | H737: BR
A738: RRAS 7 | B738: Baixada Santista | C738: Baixada Santista | D738: Mongaguá | E738: 2087804 | F738: Hospital Regional Jorge Rossmann | G738: Itanhaém | H738: BR
A739: RRAS 7 | B739: Baixada Santista | C739: Baixada Santista | D739: Peruíbe | E739: 2087324 | F739: Unidade Hospitalar de Peruíbe | G739: Peruíbe | H739: BR
A740: RRAS 7 | B740: Baixada Santista | C740: Baixada Santista | D740: Praia Grande | E740: 2716097 | F740: Complexo Hospitalar Irmã Dulce O S S | G740: Praia Grande | H740: BR
A741: RRAS 7 | B741: Baixada Santista | C741: Baixada Santista | D741: Santos | E741: 2698463 | F741: Seção Hospital e Maternidade Municipal Dr. Silverio Fontes | G741: Santos | H741: BR
A742: RRAS 7 | B742: Baixada Santista | C742: Baixada Santista | D742: São Vicente | E742: 6966594 | F742: Hospital e Maternidade Municipal de São Vicente | G742: São Vicente | H742: BR
A743: RRAS 8 | B743: Registro | C743: Vale do Ribeira | D743: Barra do Turvo | E743: 2077434 | F743: Hospital Dr. Leopoldo Bevilacqua | G743: Pariquera Açú | H743: BR
...

Sheet RRAS 6 - Tabela 1 Ref. AAE + BR
A1: RRAS | B1: COORDENADORIA DE SAÚDE | C1: SUPERVISÃO DE SAÚDE | D1: MUNICÍPIO DA RRAS | E1: DRS | F1: CNES | G1: NOME DO ESTABELECIMENTO | H1: MUNICÍPIO DO ESTABELECIMENTO | I1: TIPO DE ATENDIMENTO
A2: RRAS 6 | B2: CRS NORTE | C2: Casa Verde / Cachoeirinha | D2: São Paulo | E2: Grande São Paulo | F2: 2077574 | G2: Conjunto Hospitalar do Mandaqui São Paulo | H2: São Paulo | I2: AAE
A3: RRAS 6 | B3: CRS NORTE | C3: Casa Verde / Cachoeirinha | D3: São Paulo | E3: Grande São Paulo | F3: 2079186 | G3: Hospital Municipal Maternidade Esc. Dr. Mario de Moraes A. Silva | H3: São Paulo | I3: AAE
A4: RRAS 6 | B4: CRS NORTE | C4: Freguesia do Ó / Brasilândia | D4: São Paulo | E4: Grande São Paulo | F4: 2082225 | G4: Hospital Kátia de Souza Rodrigues Taipas São Paulo | H4: São Paulo | I4: AAE
A5: RRAS 6 | B5: CRS NORTE | C5: Freguesia do Ó / Brasilândia | D5: São Paulo | E5: Grande São Paulo | F5: 2079186 | G5: Hospital Municipal Maternidade Esc. Dr. Mario de Moraes A. Silva | H5: São Paulo | I5: AAE
A6: RRAS 6 | B6: CRS NORTE | C6: Perus | D6: São Paulo | E6: Grande São Paulo | F6: 2082225 | G6: Hospital Kátia de Souza Rodrigues Taipas São Paulo | H6: São Paulo | I6: AAE
A7: RRAS 6 | B7: CRS NORTE | C7: Pirituba | D7: São Paulo | E7: Grande São Paulo | F7: 2082225 | G7: Hospital Kátia de Souza Rodrigues Taipas São Paulo | H7: São Paulo | I7: AAE
A8: RRAS 6 | B8: CRS NORTE | C8: Pirituba | D8: São Paulo | E8: Grande São Paulo | F8: 2079186 | G8: Hospital Municipal Maternidade Esc. Dr. Mario de Moraes A. Silva | H8: São Paulo | I8: AAE
A9: RRAS 6 | B9: CRS NORTE | C9: Santana / Jaçanã | D9: São Paulo | E9: Grande São Paulo | F9: 2077574 | G9: Conjunto Hospitalar do Mandaqui São Paulo | H9: São Paulo | I9: AAE
A10: RRAS 6 | B10: CRS NORTE | C10: Santana / Jaçanã | D10: São Paulo | E10: Grande São Paulo | F10: 2076896 | G10: Hospital São Luiz Gonzaga | H10: São Paulo | I10: AAE
A11: RRAS 6 | B11: CRS NORTE | C11: Vila Maria / Vila Guilherme | D11: São Paulo | E11: Grande São Paulo | F11: 3212130 | G11: Hospital Municipal Vereador José Storopolli | H11: São Paulo | I11: AAE
A12: RRAS 6 | B12: CRS SUL | C12: Capela do Socorro | D12: São Paulo | E12: Grande São Paulo | F12: 2065665 | G12: Hospital Maternidade Interlagos | H12: São Paulo | I12: AAE
A13: RRAS 6 | B13: CRS SUL | C13: Capela do Socorro | D13: São Paulo | E13: Grande São Paulo | F13: 2751887 | G13: UBS Jd. Cliper | H13: São Paulo | I13: AAE
... A100: RRAS 6 | B100: CRS SUDESTE | C100: Penha | D100: São Paulo | E100: Grande São Paulo | F100: 2077701 | G100: Hospital e Maternidade Leonor Mendes de Barros | H100: São Paulo | I100: BR

Sheet Tabela 1 APS + Leitos Nec. TOTA
A1: RRAS | B1: NASCIDOS VIVOS | C1: COBERTURA ANS (%) | D1: Nº DE UBS | E1: COBERTURA ESF (%) | F1: COBERTURA AB (%) | G1: GESTANTES SUSDEPENDENTES ESTIMADAS/ANO | H1: NASCIDOS VIVOS SUSDEPENDENTES ESTIMADOS/ANO | I1: LEITOS OBSTÉTRICOS | J1: LEITOS GAR PARA ATENDER AS GESTANTES SUSDEPENDENTES DO MUNICÍPIO - RRAS | K1: LEITOS UTI ADULTO | L1: LEITOS UTIN | M1: LEITOS UCINCO | N1: LEITOS UCINCA | O1: CPN I: 3 LEITOS | P1: CPN I: 5 LEITOS | Q1: CPN II: 3 LEITOS | R1: CPN II: 5 LEITOS | S1: CGBP: 10 LEITOS | T1: CGBP: 15 LEITOS | U1: CGBP: 20 LEITOS | V1: BLH
A2: RRAS 1 | B2: =SUM('Tabela 1 APS + Leitos Nec.'!E2:E8) -> 26678 | C2: 52.99 | D2: =SUM('Tabela 1 APS + Leitos Nec.'!G2:G8) -> 142 | E2: 47.73 | F2: 62.48 | G2: =(B2*(1-C2/100)*1.1) -> 13795.461 | H2: =B2*(1-C2/100) -> 12541.328 | I2: =((G2*2.5)/(365*0.9))*1.21 -> 127.03582 | J2: =I2*30/100 -> 38.110747 | K2: =(I2*6/100) -> 7.6221495 | L2: =H2*2/1000 -> 25.082656 | M2: =H2*3/1000 -> 37.623983 | N2: =H2*1/1000 -> 12.541328 | O2: =SUM('Tabela 1 APS + Leitos Nec.'!R2:R8) -> 2 | P2: =SUM('Tabela 1 APS + Leitos Nec.'!S2:S8) -> 0 | Q2: =SUM('Tabela 1 APS + Leitos Nec.'!T2:T8) -> 0 | R2: =SUM('Tabela 1 APS + Leitos Nec.'!U2:U8) -> 2 | S2: =SUM('Tabela 1 APS + Leitos Nec.'!V2:V8) -> 1 | T2: =SUM('Tabela 1 APS + Leitos Nec.'!W2:W8) -> 0 | U2: =SUM('Tabela 1 APS + Leitos Nec.'!X2:X8) -> 1 | V2: =SUM('Tabela 1 APS + Leitos Nec.'!Y2:Y8) -> 0
A3: RRAS 2 | B3: =SUM('Tabela 1 APS + Leitos Nec.'!E9:E19) -> 37990 | C3: 32.75 | D3: =SUM('Tabela 1 APS + Leitos Nec.'!G9:G19) -> 200 | E3: 25.83 | F3: 44.02 | G3: =(B3*(1-C3/100)*1.1) -> 28103.103 | H3: =B3*(1-C3/100) -> 25548.275 | I3: =((G3*2.5)/(365*0.9))*1.21 -> 258.78808 | J3: =I3*30/100 -> 77.636425 | K3: =(I3*6/100) -> 15.527285 | L3: =H3*2/1000 -> 51.09655 | M3: =H3*3/1000 -> 76.644825 | N3: =H3*1/1000 -> 25.548275 | O3: =SUM('Tabela 1 APS + Leitos Nec.'!R9:R19) -> 0 | P3: =SUM('Tabela 1 APS + Leitos Nec.'!S9:S19) -> 0 | Q3: =SUM('Tabela 1 APS + Leitos Nec.'!T9:T19) -> 0 | R3: =SUM('Tabela 1 APS + Leitos Nec.'!U9:U19) -> 0 | S3: =SUM('Tabela 1 APS + Leitos Nec.'!V9:V19) -> 0 | T3: =SUM('Tabela 1 APS + Leitos Nec.'!W9:W19) -> 0 | U3: =SUM('Tabela 1 APS + Leitos Nec.'!X9:X19) -> 0 | V3: =SUM('Tabela 1 APS + Leitos Nec.'!Y9:Y19) -> 2
A4: RRAS 3 | B4: =SUM('Tabela 1 APS + Leitos Nec.'!E20:E24) -> 7682 | C4: 29.92 | D4: =SUM('Tabela 1 APS + Leitos Nec.'!G20:G24) -> 69 | E4: 41.94 | F4: 63.74 | G4: =(B4*(1-C4/100)*1.1) -> 5921.9002 | H4: =B4*(1-C4/100) -> 5383.5456 | I4: =((G4*2.5)/(365*0.9))*1.21 -> 54.531957 | J4: =I4*30/100 -> 16.359587 | K4: =(I4*6/100) -> 3.2719174 | L4: =H4*2/1000 -> 10.767091 | M4: =H4*3/1000 -> 16.150637 | N4: =H4*1/1000 -> 5.3835456 | O4: =SUM('Tabela 1 APS + Leitos Nec.'!R20:R24) -> 0 | P4: =SUM('Tabela 1 APS + Leitos Nec.'!S20:S24) -> 0 | Q4: =SUM('Tabela 1 APS + Leitos Nec.'!T20:T24) -> 0 | R4: =SUM('Tabela 1 APS + Leitos Nec.'!U20:U24) -> 0 | S4: =SUM('Tabela 1 APS + Leitos Nec.'!V20:V24) -> 0 | T4: =SUM('Tabela 1 APS + Leitos Nec.'!W20:W24) -> 0 | U4: =SUM('Tabela 1 APS + Leitos Nec.'!X20:X24) -> 0 | V4: =SUM('Tabela 1 APS + Leitos Nec.'!Y20:Y24) -> 0
A5: RRAS 4 | B5: =SUM('Tabela 1 APS + Leitos Nec.'!E25:E32) -> 14182 | C5: 29.3 | D5: =SUM('Tabela 1 APS + Leitos Nec.'!G25:G32) -> 99 | E5: 23.84 | F5: 52.04 | G5: =(B5*(1-C5/100)*1.1) -> 11029.341 | H5: =B5*(1-C5/100) -> 10026.674 | I5: =((G5*2.5)/(365*0.9))*1.21 -> 101.56395 | J5: =I5*30/100 -> 30.469185 | K5: =(I5*6/100) -> 6.093837 | L5: =H5*2/1000 -> 20.053348 | M5: =H5*3/1000 -> 30.080022 | N5: =H5*1/1000 -> 10.026674 | O5: =SUM('Tabela 1 APS + Leitos Nec.'!R25:R32) -> 0 | P5: =SUM('Tabela 1 APS + Leitos Nec.'!S25:S32) -> 0 | Q5: =SUM('Tabela 1 APS + Leitos Nec.'!T25:T32) -> 0 | R5: =SUM('Tabela 1 APS + Leitos Nec.'!U25:U32) -> 0 | S5: =SUM('Tabela 1 APS + Leitos Nec.'!V25:V32) -> 0 | T5: =SUM('Tabela 1 APS + Leitos Nec.'!W25:W32) -> 0 | U5: =SUM('Tabela 1 APS + Leitos Nec.'!X25:X32) -> 0 | V5: =SUM('Tabela 1 APS + Leitos Nec.'!Y25:Y32) -> 0
A6: RRAS 5 | B6: =SUM('Tabela 1 APS + Leitos Nec.'!E33:E39) -> 25483 | C6: 40.78 | D6: =SUM('Tabela 1 APS + Leitos Nec.'!G33:G39) -> 112 | E6: 14.2 | F6: 48.46 | G6: =(B6*(1-C6/100)*1.1) -> 16600.136 | H6: =B6*(1-C6/100) -> 15091.033 | I6: =((G6*2.5)/(365*0.9))*1.21 -> 152.86274 | J6: =I6*30/100 -> 45.858823 | K6: =(I6*6/100) -> 9.1717646 | L6: =H6*2/1000 -> 30.182065 | M6: =H6*3/1000 -> 45.273098 | N6: =H6*1/1000 -> 15.091033 | O6: =SUM('Tabela 1 APS + Leitos Nec.'!R33:R39) -> 0 | P6: =SUM('Tabela 1 APS + Leitos Nec.'!S33:S39) -> 0 | Q6: =SUM('Tabela 1 APS + Leitos Nec.'!T33:T39) -> 0 | R6: =SUM('Tabela 1 APS + Leitos Nec.'!U33:U39) -> 0 | S6: =SUM('Tabela 1 APS + Leitos Nec.'!V33:V39) -> 0 | T6: =SUM('Tabela 1 APS + Leitos Nec.'!W33:W39) -> 0 | U6: =SUM('Tabela 1 APS + Leitos Nec.'!X33:X39) -> 0 | V6: =SUM('Tabela 1 APS + Leitos Nec.'!Y33:Y39) -> 0
A7: RRAS 6 | B7: =SUM('RRAS 6 - Tabela 1 APS + Leitos '!F2:F28) -> 128654 | C7: 51 | D7: =SUM('RRAS 6 - Tabela 1 APS + Leitos '!H2:H28) -> 475 | F7: 70.6 | G7: =(B7*(1-C7/100)*1.1) -> 69344.506 | H7: =B7*(1-C7/100) -> 63040.46 | I7: =((G7*2.5)/(365*0.9))*1.21 -> 638.56052 | J7: =I7*30/100 -> 191.56816 | K7: =(I7*6/100) -> 38.313631 | L7: =H7*2/1000 -> 126.08092 | M7: =H7*3/1000 -> 189.12138 | N7: =H7*1/1000 -> 63.04046 | O7: =SUM('Tabela 1 APS + Leitos Nec.'!R34:R40) -> 0 | P7: =SUM('Tabela 1 APS + Leitos Nec.'!S34:S40) -> 0 | Q7: =SUM('Tabela 1 APS + Leitos Nec.'!T34:T40) -> 0 | R7: =SUM('Tabela 1 APS + Leitos Nec.'!U34:U40) -> 0 | S7: =SUM('Tabela 1 APS + Leitos Nec.'!V34:V40) -> 0 | T7: =SUM('Tabela 1 APS + Leitos Nec.'!W34:W40) -> 0 | U7: =SUM('Tabela 1 APS + Leitos Nec.'!X34:X40) -> 0 | V7: =SUM('Tabela 1 APS + Leitos Nec.'!Y34:Y40) -> 0
A8: RRAS 7 - BAIXADA SANTISTA | B8: =SUM('Tabela 1 APS + Leitos Nec.'!E40:E48) -> 20163 | C8: 40.11 | D8: =SUM('Tabela 1 APS + Leitos Nec.'!G40:G48) -> 181 | E8: 44.76 | F8: 60.87 | G8: =(B8*(1-C8/100)*1.1) -> 13283.183 | H8: =B8*(1-C8/100) -> 12075.621 | I8: =((G8*2.5)/(365*0.9))*1.21 -> 122.3185 | J8: =I8*30/100 -> 36.695551 | K8: =(I8*6/100) -> 7.3391101 | L8: =H8*2/1000 -> 24.151241 | M8: =H8*3/1000 -> 36.226862 | N8: =H8*1/1000 -> 12.075621 | O8: =SUM('Tabela 1 APS + Leitos Nec.'!R40:R48) -> 2 | P8: =SUM('Tabela 1 APS + Leitos Nec.'!S40:S48) -> 3 | Q8: =SUM('Tabela 1 APS + Leitos Nec.'!T40:T48) -> 1 | R8: =SUM('Tabela 1 APS + Leitos Nec.'!U40:U48) -> 1 | S8: =SUM('Tabela 1 APS + Leitos Nec.'!V40:V48) -> 0 | T8: =SUM('Tabela 1 APS + Leitos Nec.'!W40:W48) -> 0 | U8: =SUM('Tabela 1 APS + Leitos Nec.'!X40:X48) -> 0 | V8: =SUM('Tabela 1 APS + Leitos Nec.'!Y40:Y48) -> 3
A9: RRAS 7 - REGISTRO | B9: =SUM('Tabela 1 APS + Leitos Nec.'!E49:E63) -> 3340 | C9: 9.19 | D9: =SUM('Tabela 1 APS + Leitos Nec.'!G49:G63) -> 107 | E9: 93.16 | F9: 96.89 | G9: =(B9*(1-C9/100)*1.1) -> 3336.3594 | H9: =B9*(1-C9/100) -> 3033.054 | I9: =((G9*2.5)/(365*0.9))*1.21 -> 30.722944 | J9: =I9*30/100 -> 9.2168833 | K9: =(I9*6/100) -> 1.8433767 | L9: =H9*2/1000 -> 6.066108 | M9: =H9*3/1000 -> 9.099162 | N9: =H9*1/1000 -> 3.033054 | O9: =SUM('Tabela 1 APS + Leitos Nec.'!R49:R63) -> 0 | P9: =SUM('Tabela 1 APS + Leitos Nec.'!S49:S63) -> 0 | Q9: =SUM('Tabela 1 APS + Leitos Nec.'!T49:T63) -> 0 | R9: =SUM('Tabela 1 APS + Leitos Nec.'!U49:U63) -> 0 | S9: =SUM('Tabela 1 APS + Leitos Nec.'!V49:V63) -> 10 | T9: =SUM('Tabela 1 APS + Leitos Nec.'!W49:W63) -> 0 | U9: =SUM('Tabela 1 APS + Leitos Nec.'!X49:X63) -> 0 | V9: =SUM('Tabela 1 APS + Leitos Nec.'!Y49:Y63) -> 0
A10: RRAS 8 | B10: =SUM('Tabela 1 APS + Leitos Nec.'!E64:E111) -> 30995 | C10: 31.2 | D10: =SUM('Tabela 1 APS + Leitos Nec.'!G64:G111) -> 333 | E10: 28.47 | F10: 53.5 | G10: =(B10*(1-C10/100)*1.1) -> 23457.016 | H10: =B10*(1-C10/100) -> 21324.56 | I10: =((G10*2.5)/(365*0.9))*1.21 -> 216.00449 | J10: =I10*30/100 -> 64.801346 | K10: =(I10*6/100) -> 12.960269 | L10: =H10*2/1000 -> 42.64912 | M10: =H10*3/1000 -> 63.97368 | N10: =H10*1/1000 -> 21.32456 | O10: =SUM('Tabela 1 APS + Leitos Nec.'!R64:R111) -> 0 | P10: =SUM('Tabela 1 APS + Leitos Nec.'!S64:S111) -> 0 | Q10: =SUM('Tabela 1 APS + Leitos Nec.'!T64:T111) -> 0 | R10: =SUM('Tabela 1 APS + Leitos Nec.'!U64:U111) -> 0 | S10: =SUM('Tabela 1 APS + Leitos Nec.'!V64:V111) -> 0 | T10: =SUM('Tabela 1 APS + Leitos Nec.'!W64:W111) -> 0 | U10: =SUM('Tabela 1 APS + Leitos Nec.'!X64:X111) -> 0 | V10: =SUM('Tabela 1 APS + Leitos Nec.'!Y64:Y111) -> 0
A11: RRAS 9 | B11: =SUM('Tabela 1 APS + Leitos Nec.'!E112:E179) -> 19277 | C11: 25.29 | D11: =SUM('Tabela 1 APS + Leitos Nec.'!G112:G179) -> 333 | E11: 39.23 | F11: 64.13 | G11: =(B11*(1-C11/100)*1.1) -> 15842.031 | H11: =B11*(1-C11/100) -> 14401.847 | I11: =((G11*2.5)/(365*0.9))*1.21 -> 145.88172 | J11: =I11*30/100 -> 43.764516 | K11: =(I11*6/100) -> 8.7529032 | L11: =H11*2/1000 -> 28.803693 | M11: =H11*3/1000 -> 43.20554 | N11: =H11*1/1000 -> 14.401847 | O11: =SUM('Tabela 1 APS + Leitos Nec.'!R112:R179) -> 0 | P11: =SUM('Tabela 1 APS + Leitos Nec.'!S112:S179) -> 0 | Q11: =SUM('Tabela 1 APS + Leitos Nec.'!T112:T179) -> 0 | R11: =SUM('Tabela 1 APS + Leitos Nec.'!U112:U179) -> 0 | S11: =SUM('Tabela 1 APS + Leitos Nec.'!V112:V179) -> 0 | T11: =SUM('Tabela 1 APS + Leitos Nec.'!W112:W179) -> 0 | U11: =SUM('Tabela 1 APS + Leitos Nec.'!X112:X179) -> 0 | V11: =SUM('Tabela 1 APS + Leitos Nec.'!Y112:Y179) -> 0
A12: RRAS 10 | B12: =SUM('Tabela 1 APS + Leitos Nec.'!E180:E241) -> 11660 | C12: 22.71 | D12: =SUM('Tabela 1 APS + Leitos Nec.'!G180:G241) -> 272 | E12: 53.76 | F12: 77.36 | G12: =(B12*(1-C12/100)*1.1) -> 9913.2154 | H12: =B12*(1-C12/100) -> 9012.014 | I12: =((G12*2.5)/(365*0.9))*1.21 -> 91.286078 | J12: =I12*30/100 -> 27.385823 | K12: =(I12*6/100) -> 5.4771647 | L12: =H12*2/1000 -> 18.024028 | M12: =H12*3/1000 -> 27.036042 | N12: =H12*1/1000 -> 9.012014 | O12: =SUM('Tabela 1 APS + Leitos Nec.'!R180:R241) -> 0 | P12: =SUM('Tabela 1 APS + Leitos Nec.'!S180:S241) -> 0 | Q12: =SUM('Tabela 1 APS + Leitos Nec.'!T180:T241) -> 0 | R12: =SUM('Tabela 1 APS + Leitos Nec.'!U180:U241) -> 0 | S12: =SUM('Tabela 1 APS + Leitos Nec.'!V180:V241) -> 0 | T12: =SUM('Tabela 1 APS + Leitos Nec.'!W180:W241) -> 0 | U12: =SUM('Tabela 1 APS + Leitos Nec.'!X180:X241) -> 0 | V12: =SUM('Tabela 1 APS + Leitos Nec.'!Y180:Y241) -> 0
A13: RRAS 11 | B13: =SUM('Tabela 1 APS + Leitos Nec.'!E242:E286) -> 7764 | C13: 25.53 | D13: =SUM('Tabela 1 APS + Leitos Nec.'!G242:G286) -> 221 | E13: 63.54 | F13: 72.74 | G13: =(B13*(1-C13/100)*1.1) -> 6360.0359 | H13: =B13*(1-C13/100) -> 5781.8508 | I13: =((G13*2.5)/(365*0.9))*1.21 -> 58.56654 | J13: =I13*30/100 -> 17.569962 | K13: =(I13*6/100) -> 3.5139924 | L13: =H13*2/1000 -> 11.563702 | M13: =H13*3/1000 -> 17.345552 | N13: =H13*1/1000 -> 5.7818508 | O13: 0 | P13: 0 | Q13: 0 | R13: 1 | S13: 1 | T13: 0 | U13: 0 | V13: 1
A14: RRAS 12 - ARAÇATUBA | B14: =SUM('Tabela 1 APS + Leitos Nec.'!E287:E326) -> 7449 | C14: 24.94 | D14: =SUM('Tabela 1 APS + Leitos Nec.'!G287:G326) -> 118 | E14: 73.28 | F14: 85.53 | G14: =(B14*(1-C14/100)*1.1) -> 6150.3413 | H14: =B14*(1-C14/100) -> 5591.2194 | I14: =((G14*2.5)/(365*0.9))*1.21 -> 56.635563 | J14: =I14*30/100 -> 16.990669 | K14: =(I14*6/100) -> 3.3981338 | L14: =H14*2/1000 -> 11.182439 | M14: =H14*3/1000 -> 16.773658 | N14: =H14*1/1000 -> 5.5912194 | O14: 1 | P14: 0 | Q14: 0 | R14: 1 | S14: 1 | T14: 0 | U14: 0 | V14: 2
A15: RRAS 12 - SÃO JOSÉ DO RIO PRETO | B15: =SUM('Tabela 1 APS + Leitos Nec.'!E327:E428) -> 17021 | C15: 32.42 | D15: =SUM('Tabela 1 APS + Leitos Nec.'!G327:G428) -> 321 | E15: 49.7 | F15: 69.31 | G15: =(B15*(1-C15/100)*1.1) -> 12653.071 | H15: =B15*(1-C15/100) -> 11502.792 | I15: =((G15*2.5)/(365*0.9))*1.21 -> 116.5161 | J15: =I15*30/100 -> 34.954831 | K15: =(I15*6/100) -> 6.9909662 | L15: =H15*2/1000 -> 23.005584 | M15: =H15*3/1000 -> 34.508375 | N15: =H15*1/1000 -> 11.502792 | O15: 3 | P15: 0 | Q15: 0 | R15: 0 | S15: 1 | T15: 0 | U15: 1 | V15: 4
A16: RRAS 13 - BARRETOS | B16: =SUM('Tabela 1 APS + Leitos Nec.'!E429:E446) -> 4663 | C16: 30.63 | D16: =SUM('Tabela 1 APS + Leitos Nec.'!G429:G446) -> 95 | E16: 57.72 | F16: 73.93 | G16: =(B16*(1-C16/100)*1.1) -> 3558.1954 | H16: =B16*(1-C16/100) -> 3234.7231 | I16: =((G16*2.5)/(365*0.9))*1.21 -> 32.765726 | J16: =I16*30/100 -> 9.8297179 | K16: =(I16*6/100) -> 1.9659436 | L16: =H16*2/1000 -> 6.4694462 | M16: =H16*3/1000 -> 9.7041693 | N16: =H16*1/1000 -> 3.2347231 | O16: 0 | P16: =SUM(P15) -> 0 | Q16: =SUM(Q15) -> 0 | R16: 0 | S16: 0 | T16: =SUM(T15) -> 0 | U16: 0 | V16: 0
A17: RRAS 13 - FRANCA | B17: =SUM('Tabela 1 APS + Leitos Nec.'!E447:E468) -> 7926 | C17: 33.45 | D17: =SUM('Tabela 1 APS + Leitos Nec.'!G447:G468) -> 125 | E17: 35.3 | F17: 49.18 | G17: =(B17*(1-C17/100)*1.1) -> 5802.2283 | H17: =B17*(1-C17/100) -> 5274.753 | I17: =((G17*2.5)/(365*0.9))*1.21 -> 53.429956 | J17: =I17*30/100 -> 16.028987 | K17: =(I17*6/100) -> 3.2057974 | L17: =H17*2/1000 -> 10.549506 | M17: =H17*3/1000 -> 15.824259 | N17: =H17*1/1000 -> 5.274753 | O17: 0 | P17: =SUM(P15:P16) -> 0 | Q17: =SUM(Q15:Q16) -> 0 | R17: 0 | S17: 0 | T17: =SUM(T15:T16) -> 0 | U17: 0 | V17: 0
A18: RRAS 13 - RIBEIRÃO PRETO | B18: =SUM('Tabela 1 APS + Leitos Nec.'!E469:E494) -> 15654 | C18: 40.82 | D18: =SUM('Tabela 1 APS + Leitos Nec.'!G469:G494) -> 183 | E18: 28.54 | F18: 65.88 | G18: =(B18*(1-C18/100)*1.1) -> 10190.441 | H18: =B18*(1-C18/100) -> 9264.0372 | I18: =((G18*2.5)/(365*0.9))*1.21 -> 93.838916 | J18: =I18*30/100 -> 28.151675 | K18: =(I18*6/100) -> 5.6303349 | L18: =H18*2/1000 -> 18.528074 | M18: =H18*3/1000 -> 27.792112 | N18: =H18*1/1000 -> 9.2640372 | O18: 0 | P18: =SUM(P17) -> 0 | Q18: =SUM(Q17) -> 0 | R18: 0 | S18: 0 | T18: =SUM(T17) -> 0 | U18: 0 | V18: 0
A19: RRAS 14 | B19: =SUM('Tabela 1 APS + Leitos Nec.'!E495:E520) -> 16935 | C19: 44.54 | D19: =SUM('Tabela 1 APS + Leitos Nec.'!G495:G520) -> 257 | E19: 35.66 | F19: 53.4 | G19: =(B19*(1-C19/100)*1.1) -> 10331.366 | H19: =B19*(1-C19/100) -> 9392.151 | I19: =((G19*2.5)/(365*0.9))*1.21 -> 95.136628 | J19: =I19*30/100 -> 28.540989 | K19: =(I19*6/100) -> 5.7081977 | L19: =H19*2/1000 -> 18.784302 | M19: =H19*3/1000 -> 28.176453 | N19: =H19*1/1000 -> 9.392151 | O19: 0 | P19: =SUM(P18) -> 0 | Q19: =SUM(Q18) -> 0 | R19: 0 | S19: 0 | T19: =SUM(T18) -> 0 | U19: 0 | V19: 0
A20: RRAS 15 - CAMPINAS | B20: =SUM('Tabela 1 APS + Leitos Nec.'!E521:E544) -> 36355 | C20: 45.4 | D20: =SUM('Tabela 1 APS + Leitos Nec.'!G521:G544) -> 321 | E20: 39.08 | F20: 59.8 | G20: =(B20*(1-C20/100)*1.1) -> 21834.813 | H20: =B20*(1-C20/100) -> 19849.83 | I20: =((G20*2.5)/(365*0.9))*1.21 -> 201.06639 | J20: =I20*30/100 -> 60.319917 | K20: =(I20*6/100) -> 12.063983 | L20: =H20*2/1000 -> 39.69966 | M20: =H20*3/1000 -> 59.54949 | N20: =H20*1/1000 -> 19.84983 | O20: 0 | P20: =SUM(P19) -> 0 | Q20: =SUM(Q19) -> 0 | R20: 0 | S20: 0 | T20: =SUM(T19) -> 0 | U20: 0 | V20: 0
A21: RRAS 15 - SÃO JOÃO DA BOA VISTA | B21: =SUM('Tabela 1 APS + Leitos Nec.'!E545:E564) -> 8477 | C21: 31.45 | D21: =SUM('Tabela 1 APS + Leitos Nec.'!G545:G564) -> 152 | E21: 39.16 | F21: 57.55 | G21: =(B21*(1-C21/100)*1.1) -> 6392.0818 | H21: =B21*(1-C21/100) -> 5810.9835 | I21: =((G21*2.5)/(365*0.9))*1.21 -> 58.861637 | J21: =I21*30/100 -> 17.658491 | K21: =(I21*6/100) -> 3.5316982 | L21: =H21*2/1000 -> 11.621967 | M21: =H21*3/1000 -> 17.432951 | N21: =H21*1/1000 -> 5.8109835 | O21: 0 | P21: =SUM(P20) -> 0 | Q21: =SUM(Q20) -> 0 | R21: 0 | S21: 0 | T21: =SUM(T20) -> 0 | U21: 0 | V21: 0
A22: RRAS 16 | B22: =SUM('Tabela 1 APS + Leitos Nec.'!E565:E582) -> 16244 | C22: 44.27 | D22: =SUM('Tabela 1 APS + Leitos Nec.'!G565:G582) -> 163 | E22: 19.18 | F22: 53.96 | G22: =(B22*(1-C22/100)*1.1) -> 9958.0593 | H22: =B22*(1-C22/100) -> 9052.7812 | I22: =((G22*2.5)/(365*0.9))*1.21 -> 91.699024 | J22: =I22*30/100 -> 27.509707 | K22: =(I22*6/100) -> 5.5019415 | L22: =H22*2/1000 -> 18.105562 | M22: =H22*3/1000 -> 27.158344 | N22: =H22*1/1000 -> 9.0527812 | O22: 0 | P22: =SUM(P21) -> 0 | Q22: =SUM(Q21) -> 0 | R22: 0 | S22: 0 | T22: =SUM(T21) -> 0 | U22: 0 | V22: 0
A23: RRAS 17 | B23: =SUM('Tabela 1 APS + Leitos Nec.'!E583:E621) -> 28864 | C23: 31.37 | D23: =SUM('Tabela 1 APS + Leitos Nec.'!G583:G621) -> 412 | E23: 44.55 | F23: 68.03 | G23: =(B23*(1-C23/100)*1.1) -> 21790.3 | H23: =B23*(1-C23/100) -> 19809.363 | I23: =((G23*2.5)/(365*0.9))*1.21 -> 200.65649 | J23: =I23*30/100 -> 60.196946 | K23: =(I23*6/100) -> 12.039389 | L23: =H23*2/1000 -> 39.618726 | M23: =H23*3/1000 -> 59.42809 | N23: =H23*1/1000 -> 19.809363 | O23: 0 | P23: =SUM(P22) -> 0 | Q23: =SUM(Q22) -> 0 | R23: 0 | S23: 0 | T23: =SUM(T22) -> 0 | U23: 0 | V23: 0
A24: RRAS 18 | B24: =SUM('Tabela 1 APS + Leitos Nec.'!E622:E645) -> 10385.667 | C24: 40.14 | D24: =SUM('Tabela 1 APS + Leitos Nec.'!G622:G645) -> 182 | E24: 30.96 | F24: 59.35 | G24: =(B24*(1-C24/100)*1.1) -> 6838.5461 | H24: =B24*(1-C24/100) -> 6216.8601 | I24: =((G24*2.5)/(365*0.9))*1.21 -> 62.972913 | J24: =I24*30/100 -> 18.891874 | K24: =(I24*6/100) -> 3.7783748 | L24: =H24*2/1000 -> 12.43372 | M24: =H24*3/1000 -> 18.65058 | N24: =H24*1/1000 -> 6.2168601 | O24: 0 | P24: =SUM(P23) -> 0 | Q24: =SUM(Q23) -> 0 | R24: 0 | S24: 0 | T24: =SUM(T23) -> 0 | U24: 0 | V24: 0

Sheet Descr. Tabela 1 APS + Leitos Ne
A1: Tabela 1 APS - Cobertura de Acesso e Capacidade Instalada na Atenção Primária à Saúde (APS) Para a Gestação de Baixo Risco | L1: Número de Leitos Necessários Para a Rede Materna e Infantil
L2: OBSTÉTRICOS (Taxa de ocupação de 90% - Rede Alyne) | M2: Leitos GAR para atender as gestantes susdependentes do município - RRAS (30% - Rede Alyne) | N2: UTI ADULTO | O2: UTIN | P2: UCINCO (x3 Portaria 2015) | Q2: UCINCA | R2: CPN I | T2: CPN II | V2: CGBP | Y2: BLH
A3: RRAS | B3: DRS | C3: REGIÃO DE SAÚDE | D3: MUNICÍPIO DA RRAS | E3: NASCIDOS VIVOS | F3: COBERTURA ANS (%) | G3: Nº DE UBS | H3: COBERTURA ESF (%) | I3: COBERTURA AB (%) | J3: GESTANTES SUSDEPENDENTES ESTIMADAS/ANO | K3: NASCIDOS VIVOS SUSDEPENDENTES ESTIMADOS/ANO | R3: 3 Leitos | S3: 5 Leitos | T3: 3 Leitos | U3: 5 Leitos | V3: 10 Leitos | W3: 15 Leitos | X3: 20 Leitos
A4: RRAS 1 | B4: Grande São Paulo | C4: Grande ABC | D4: Diadema | E4: 4230 | F4: 45.08 | G4: 20 | H4: 74.07 | I4: 80.43 | J4: =(E4*(1-F4/100)*1.1) -> 2555.4276 | K4: =E4*(1-F4/100) -> 2323.116 | L4: =((J4*2.5)/(365*0.9))*1.21 -> 23.531715 | M4: =L4*30/100 -> 7.0595146 | N4: =(L4*6/100) -> 1.4119029 | O4: =K4*2/1000 -> 4.646232 | P4: =K4*3/1000 -> 6.969348 | Q4: =K4*1/1000 -> 2.323116 | U4: 1
A5: RRAS 1 | B5: Grande São Paulo | C5: Grande ABC | D5: Mauá | E5: 4404 | F5: 47.01 | G5: 23 | H5: 29.18 | I5: 41.23 | J5: =(E5*(1-F5/100)*1.1) -> 2567.0476 | K5: =E5*(1-F5/100) -> 2333.6796 | L5: =((J5*2.5)/(365*0.9))*1.21 -> 23.638718 | M5: =L5*30/100 -> 7.0916154 | N5: =(L5*6/100) -> 1.4183231 | O5: =K5*2/1000 -> 4.6673592 | P5: =K5*3/1000 -> 7.0010388 | Q5: =K5*1/1000 -> 2.3336796
A6: RRAS 1 | B6: Grande São Paulo | C6: Grande ABC | D6: Ribeirão Pires | E6: 1041 | F6: 48.59 | G6: 10 | H6: 39.14 | I6: 46.44 | J6: =(E6*(1-F6/100)*1.1) -> 588.69591 | K6: =E6*(1-F6/100) -> 535.1781 | L6: =((J6*2.5)/(365*0.9))*1.21 -> 5.4210202 | M6: =L6*30/100 -> 1.6263061 | N6: =(L6*6/100) -> 0.32526121 | O6: =K6*2/1000 -> 1.0703562 | P6: =K6*3/1000 -> 1.6055343 | Q6: =K6*1/1000 -> 0.5351781
A7: RRAS 1 | B7: Grande São Paulo | C7: Grande ABC | D7: Rio Grande da Serra | E7: 465 | F7: 34.24 | G7: 8 | H7: 47.5 | I7: 53.4 | J7: =(E7*(1-F7/100)*1.1) -> 336.3624 | K7: =E7*(1-F7/100) -> 305.784 | L7: =((J7*2.5)/(365*0.9))*1.21 -> 3.0974011 | M7: =L7*30/100 -> 0.92922033 | N7: =(L7*6/100) -> 0.18584407 | O7: =K7*2/1000 -> 0.611568 | P7: =K7*3/1000 -> 0.917352 | Q7: =K7*1/1000 -> 0.305784 | X7: 1
A8: RRAS 1 | B8: Grande São Paulo | C8: Grande ABC | D8: Santo André | E8: 7378 | F8: 57.35 | G8: 35 | H8: 24.48 | I8: 46.5 | J8: =(E8*(1-F8/100)*1.1) -> 3461.3887 | K8: =E8*(1-F8/100) -> 3146.717 | L8: =((J8*2.5)/(365*0.9))*1.21 -> 31.87428 | M8: =L8*30/100 -> 9.5622839 | N8: =(L8*6/100) -> 1.9124568 | O8: =K8*2/1000 -> 6.293434 | P8: =K8*3/1000 -> 9.440151 | Q8: =K8*1/1000 -> 3.146717 | U8: 1
A9: RRAS 1 | B9: Grande São Paulo | C9: Grande ABC | D9: São Bernardo do Campo | E9: 7815 | F9: 55.67 | G9: 34 | H9: 63.33 | I9: 74.77 | J9: =(E9*(1-F9/100)*1.1) -> 3810.8284 | K9: =E9*(1-F9/100) -> 3464.3895 | L9: =((J9*2.5)/(365*0.9))*1.21 -> 35.092104 | M9: =L9*30/100 -> 10.527631 | N9: =(L9*6/100) -> 2.1055262 | O9: =K9*2/1000 -> 6.928779 | P9: =K9*3/1000 -> 10.393168 | Q9: =K9*1/1000 -> 3.4643895 | R9: 1 | V9: 1
A10: RRAS 1 | B10: Grande São Paulo | C10: Grande ABC | D10: São Caetano do Sul | E10: 1345 | F10: 62.1 | G10: 12 | H10: 62.09 | I10: 100 | J10: =(E10*(1-F10/100)*1.1) -> 560.7305 | K10: =E10*(1-F10/100) -> 509.755 | L10: =((J10*2.5)/(365*0.9))*1.21 -> 5.1635 | M10: =L10*30/100 -> 1.54905 | N10: =(L10*6/100) -> 0.30981 | O10: =K10*2/1000 -> 1.01951 | P10: =K10*3/1000 -> 1.529265 | Q10: =K10*1/1000 -> 0.509755 | R10: 1
A11: RRAS 2 | B11: Grande São Paulo | C11: Alto Tietê | D11: Arujá | E11: 1290 | F11: 42.29 | G11: 7 | H11: 38.41 | I11: 65.53 | J11: =(E11*(1-F11/100)*1.1) -> 818.9049 | K11: =E11*(1-F11/100) -> 744.459 | L11: =((J11*2.5)/(365*0.9))*1.21 -> 7.5409051 | M11: =L11*30/100 -> 2.2622715 | N11: =(L11*6/100) -> 0.45245431 | O11: =K11*2/1000 -> 1.488918 | P11: =K11*3/1000 -> 2.233377 | Q11: =K11*1/1000 -> 0.744459
A12: RRAS 2 | B12: Grande São Paulo | C12: Alto Tietê | D12: Biritiba Mirim | E12: 336 | F12: 11.25 | G12: 7 | H12: 21.17 | I12: 30.37 | J12: =(E12*(1-F12/100)*1.1) -> 328.02 | K12: =E12*(1-F12/100) -> 298.2 | L12: =((J12*2.5)/(365*0.9))*1.21 -> 3.0205799 | M12: =L12*30/100 -> 0.90617397 | N12: =(L12*6/100) -> 0.18123479 | O12: =K12*2/1000 -> 0.5964 | P12: =K12*3/1000 -> 0.8946 | Q12: =K12*1/1000 -> 0.2982
A13: RRAS 2 | B13: Grande São Paulo | C13: Alto Tietê | D13: Ferraz de Vasconcelos | E13: 2279 | F13: 23.22 | G13: 14 | H13: 35.52 | I13: 57.98 | J13: =(E13*(1-F13/100)*1.1) -> 1924.7978 | K13: =E13*(1-F13/100) -> 1749.8162 | L13: =((J13*2.5)/(365*0.9))*1.21 -> 17.724546 | M13: =L13*30/100 -> 5.3173638 | N13: =(L13*6/100) -> 1.0634728 | O13: =K13*2/1000 -> 3.4996324 | P13: =K13*3/1000 -> 5.2494486 | Q13: =K13*1/1000 -> 1.7498162
A14: RRAS 2 | B14: Grande São Paulo | C14: Alto Tietê | D14: Guararema | E14: 327 | F14: 21.32 | G14: 1 | H14: 0 | I14: 58.39 | J14: =(E14*(1-F14/100)*1.1) -> 283.01196 | K14: =E14*(1-F14/100) -> 257.2836 | L14: =((J14*2.5)/(365*0.9))*1.21 -> 2.6061223 | M14: =L14*30/100 -> 0.78183669 | N14: =(L14*6/100) -> 0.15636734 | O14: =K14*2/1000 -> 0.5145672 | P14: =K14*3/1000 -> 0.7718508 | Q14: =K14*1/1000 -> 0.2572836
A15: RRAS 2 | B15: Grande São Paulo | C15: Alto Tietê | D15: Guarulhos | E15: 17501 | F15: 47.05 | G15: 69 | H15: 31.27 | I15: 40.23 | J15: =(E15*(1-F15/100)*1.1) -> 10193.457 | K15: =E15*(1-F15/100) -> 9266.7795 | L15: =((J15*2.5)/(365*0.9))*1.21 -> 93.866693 | M15: =L15*30/100 -> 28.160008 | N15: =(L15*6/100) -> 5.6320016 | O15: =K15*2/1000 -> 18.533559 | P15: =K15*3/1000 -> 27.800338 | Q15: =K15*1/1000 -> 9.2667795 | Y15: 1
A16: RRAS 2 | B16: Grande São Paulo | C16: Alto Tietê | D16: Itaquaquecetuba | E16: 5077 | F16: 26.14 | G16: 17 | H16: 18.61 | I16: 34.1 | J16: =(E16*(1-F16/100)*1.1) -> 4124.8594 | K16: =E16*(1-F16/100) -> 3749.8722 | L16: =((J16*2.5)/(365*0.9))*1.21 -> 37.983865 | M16: =L16*30/100 -> 11.39516 | N16: =(L16*6/100) -> 2.2790319 | O16: =K16*2/1000 -> 7.4997444 | P16: =K16*3/1000 -> 11.249617 | Q16: =K16*1/1000 -> 3.7498722
A17: RRAS 2 | B17: Grande São Paulo | C17: Alto Tietê | D17: Mogi das Cruzes | E17: 5222 | F17: 35.92 | G17: 36 | H17: 10.83 | I17: 50.84 | J17: =(E17*(1-F17/100)*1.1) -> 3680.8834 | K17: =E17*(1-F17/100) -> 3346.2576 | L17: =((J17*2.5)/(365*0.9))*1.21 -> 33.895501 | M17: =L17*30/100 -> 10.16865 | N17: =(L17*6/100) -> 2.0337301 | O17: =K17*2/1000 -> 6.6925152 | P17: =K17*3/1000 -> 10.038773 | Q17: =K17*1/1000 -> 3.3462576 | Y17: 1
A18: RRAS 2 | B18: Grande São Paulo | C18: Alto Tietê | D18: Poá | E18: 1249 | F18: 32.1 | G18: 12 | H18: 26.44 | I18: 31.54 | J18: =(E18*(1-F18/100)*1.1) -> 932.8781 | K18: =E18*(1-F18/100) -> 848.071 | L18: =((J18*2.5)/(365*0.9))*1.21 -> 8.59043 | M18: =L18*30/100 -> 2.577129 | N18: =(L18*6/100) -> 0.5154258 | O18: =K18*2/1000 -> 1.696142 | P18: =K18*3/1000 -> 2.544213 | Q18: =K18*1/1000 -> 0.848071
A19: RRAS 2 | B19: Grande São Paulo | C19: Alto Tietê | D19: Salesópolis | E19: 179 | F19: 11.9 | G19: 2 | H19: 0 | I19: 52.51 | J19: =(E19*(1-F19/100)*1.1) -> 173.4689 | K19: =E19*(1-F19/100) -> 157.699 | L19: =((J19*2.5)/(365*0.9))*1.21 -> 1.5973925 | M19: =L19*30/100 -> 0.47921774 | N19: =(L19*6/100) -> 0.095843547 | O19: =K19*2/1000 -> 0.315398 | P19: =K19*3/1000 -> 0.473097 | Q19: =K19*1/1000 -> 0.157699
A20: RRAS 2 | B20: Grande São Paulo | C20: Alto Tietê | D20: Santa Isabel | E20: 588 | F20: 25.52 | G20: 11 | H20: 30.06 | I20: 50.97 | J20: =(E20*(1-F20/100)*1.1) -> 481.73664 | K20: =E20*(1-F20/100) -> 437.9424 | L20: =((J20*2.5)/(365*0.9))*1.21 -> 4.4360832 | M20: =L20*30/100 -> 1.330825 | N20: =(L20*6/100) -> 0.26616499 | O20: =K20*2/1000 -> 0.8758848 | P20: =K20*3/1000 -> 1.3138272 | Q20: =K20*1/1000 -> 0.4379424
A21: RRAS 2 | B21: Grande São Paulo | C21: Alto Tietê | D21: Suzano | E21: 3942 | F21: 30.8 | G21: 24 | H21: 25.5 | I21: 51.28 | J21: =(E21*(1-F21/100)*1.1) -> 3000.6504 | K21: =E21*(1-F21/100) -> 2727.864 | L21: =((J21*2.5)/(365*0.9))*1.21 -> 27.63156 | M21: =L21*30/100 -> 8.289468 | N21: =(L21*6/100) -> 1.6578936 | O21: =K21*2/1000 -> 5.455728 | P21: =K21*3/1000 -> 8.183592 | Q21: =K21*1/1000 -> 2.727864
A22: RRAS 3 | B22: Grande São Paulo | C22: Franco da Rocha | D22: Caieiras | E22: 1147 | F22: 37.01 | G22: 14 | H22: 6.8 | I22: 62.24 | J22: =(E22*(1-F22/100)*1.1) -> 794.74483 | K22: =E22*(1-F22/100) -> 722.4953 | L22: =((J22*2.5)/(365*0.9))*1.21 -> 7.3184265 | M22: =L22*30/100 -> 2.195528 | N22: =(L22*6/100) -> 0.43910559 | O22: =K22*2/1000 -> 1.4449906 | P22: =K22*3/1000 -> 2.1674859 | Q22: =K22*1/1000 -> 0.7224953
A23: RRAS 3 | B23: Grande São Paulo | C23: Franco da Rocha | D23: Cajamar | E23: 1304 | F23: 45 | G23: 11 | H23: 53.91 | I23: 76.99 | J23: =(E23*(1-F23/100)*1.1) -> 788.92 | K23: =E23*(1-F23/100) -> 717.2 | L23: =((J23*2.5)/(365*0.9))*1.21 -> 7.2647884 | M23: =L23*30/100 -> 2.1794365 | N23: =(L23*6/100) -> 0.43588731 | O23: =K23*2/1000 -> 1.4344 | P23: =K23*3/1000 -> 2.1516 | Q23: =K23*1/1000 -> 0.7172
A24: RRAS 3 | B24: Grande São Paulo | C24: Franco da Rocha | D24: Francisco Morato | E24: 2488 | F24: 24.22 | G24: 13 | H24: 47.09 | I24: 50.5 | J24: =(E24*(1-F24/100)*1.1) -> 2073.947 | K24: =E24*(1-F24/100) -> 1885.4064 | L24: =((J24*2.5)/(365*0.9))*1.21 -> 19.09799 | M24: =L24*30/100 -> 5.7293971 | N24: =(L24*6/100) -> 1.1458794 | O24: =K24*2/1000 -> 3.7708128 | P24: =K24*3/1000 -> 5.6562192 | Q24: =K24*1/1000 -> 1.8854064
A25: RRAS 3 | B25: Grande São Paulo | C25: Franco da Rocha | D25: Franco da Rocha | E25: 1833 | F25: 27.18 | G25: 14 | H25: 55.83 | I25: 76.37 | J25: =(E25*(1-F25/100)*1.1) -> 1468.2697 | K25: =E25*(1-F25/100) -> 1334.7906 | L25: =((J25*2.5)/(365*0.9))*1.21 -> 13.520596 | M25: =L25*30/100 -> 4.0561787 | N25: =(L25*6/100) -> 0.81123575 | O25: =K25*2/1000 -> 2.6695812 | P25: =K25*3/1000 -> 4.0043718 | Q25: =K25*1/1000 -> 1.3347906
A26: RRAS 3 | B26: Grande São Paulo | C26: Franco da Rocha | D26: Mairiporã | E26: 910 | F26: 21.73 | G26: 17 | H26: 37.88 | I26: 58.84 | J26: =(E26*(1-F26/100)*1.1) -> 783.4827 | K26: =E26*(1-F26/100) -> 712.257 | L26: =((J26*2.5)/(365*0.9))*1.21 -> 7.2147189 | M26: =L26*30/100 -> 2.1644157 | N26: =(L26*6/100) -> 0.43288314 | O26: =K26*2/1000 -> 1.424514 | P26: =K26*3/1000 -> 2.136771 | Q26: =K26*1/1000 -> 0.712257
A27: RRAS 4 | B27: Grande São Paulo | C27: Mananciais | D27: Cotia | E27: 3560 | F27: 37.03 | G27: 26 | H27: 8.31 | I27: 42.31 | J27: =(E27*(1-F27/100)*1.1) -> 2465.9052 | K27: =E27*(1-F27/100) -> 2241.732 | L27: =((J27*2.5)/(365*0.9))*1.21 -> 22.707346 | M27: =L27*30/100 -> 6.8122039 | N27: =(L27*6/100) -> 1.3624408 | O27: =K27*2/1000 -> 4.483464 | P27: =K27*3/1000 -> 6.725196 | Q27: =K27*1/1000 -> 2.241732
A28: RRAS 4 | B28: Grande São Paulo | C28: Mananciais | D28: Embu das Artes | E28: 3332 | F28: 26.8 | G28: 17 | H28: 28.99 | I28: 54.8 | J28: =(E28*(1-F28/100)*1.1) -> 2682.9264 | K28: =E28*(1-F28/100) -> 2439.024 | L28: =((J28*2.5)/(365*0.9))*1.21 -> 24.705791 | M28: =L28*30/100 -> 7.4117373 | N28: =(L28*6/100) -> 1.4823475 | O28: =K28*2/1000 -> 4.878048 | P28: =K28*3/1000 -> 7.317072 | Q28: =K28*1/1000 -> 2.439024
A29: RRAS 4 | B29: Grande São Paulo | C29: Mananciais | D29: Embu Guaçu | E29: 804 | F29: 13.68 | G29: 11 | H29: 64.64 | I29: 69.83 | J29: =(E29*(1-F29/100)*1.1) -> 763.41408 | K29: =E29*(1-F29/100) -> 694.0128 | L29: =((J29*2.5)/(365*0.9))*1.21 -> 7.0299166 | M29: =L29*30/100 -> 2.108975 | N29: =(L29*6/100) -> 0.42179499 | O29: =K29*2/1000 -> 1.3880256 | P29: =K29*3/1000 -> 2.0820384 | Q29: =K29*1/1000 -> 0.6940128
... A46: RRAS 7 | B46: Baixada Santista | C46: Baixada Santista | D46: Mongaguá | E46: 667 | F46: 13.12 | G46: 9 | H46: 48.68 | I46: 48.68 | J46: =(E46*(1-F46/100)*1.1) -> 637.43856 | K46: =E46*(1-F46/100) -> 579.4896 | L46: =((J46*2.5)/(365*0.9))*1.21 -> 5.869868 | M46: =L46*30/100 -> 1.7609604 | N46: =(L46*6/100) -> 0.35219208 | O46: =K46*2/1000 -> 1.1589792 | P46: =K46*3/1000 -> 1.7384688 | Q46: =K46*1/1000 -> 0.5794896
A47: RRAS 7 | B47: Baixada Santista | C47: Baixada Santista | D47: Peruíbe | E47: 915 | F47: 15.53 | G47: 16 | H47: 70.73 | I47: 100 | J47: =(E47*(1-F47/100)*1.1) -> 850.19055 | K47: =E47*(1-F47/100) -> 772.9005 | L47: =((J47*2.5)/(365*0.9))*1.21 -> 7.8289997 | M47: =L47*30/100 -> 2.3486999 | N47: =(L47*6/100) -> 0.46973998 | O47: =K47*2/1000 -> 1.545801 | P47: =K47*3/1000 -> 2.3187015 | Q47: =K47*1/1000 -> 0.7729005 | S47: 2
A48: RRAS 7 | B48: Baixada Santista | C48: Baixada Santista | D48: Praia Grande | E48: 4098 | F48: 32.64 | G48: 30 | H48: 82.78 | I48: 86.13 | J48: =(E48*(1-F48/100)*1.1) -> 3036.4541 | K48: =E48*(1-F48/100) -> 2760.4128 | L48: =((J48*2.5)/(365*0.9))*1.21 -> 27.961259 | M48: =L48*30/100 -> 8.3883777 | N48: =(L48*6/100) -> 1.6776755 | O48: =K48*2/1000 -> 5.5208256 | P48: =K48*3/1000 -> 8.2812384 | Q48: =K48*1/1000 -> 2.7604128 | R48: 1 | S48: 1 | Y48: 1
A49: RRAS 7 | B49: Baixada Santista | C49: Baixada Santista | D49: Santos | E49: 3733 | F49: 65.73 | G49: 31 | H49: 27.07 | I49: 52.34 | J49: =(E49*(1-F49/100)*1.1) -> 1407.229 | K49: =E49*(1-F49/100) -> 1279.2991 | L49: =((J49*2.5)/(365*0.9))*1.21 -> 12.958502 | M49: =L49*30/100 -> 3.8875505 | N49: =(L49*6/100) -> 0.77751009 | O49: =K49*2/1000 -> 2.5585982 | P49: =K49*3/1000 -> 3.8378973 | Q49: =K49*1/1000 -> 1.2792991 | R49: 1 | T49: 1 | U49: 1 | Y49: 2
A50: RRAS 7 | B50: Baixada Santista | C50: Baixada Santista | D50: São Vicente | E50: 3661 | F50: 38.38 | G50: 24 | H50: 27.35 | I50: 39.57 | J50: =(E50*(1-F50/100)*1.1) -> 2481.499 | K50: =E50*(1-F50/100) -> 2255.9082 | L50: =((J50*2.5)/(365*0.9))*1.21 -> 22.850942 | M50: =L50*30/100 -> 6.8552827 | N50: =(L50*6/100) -> 1.3710565 | O50: =K50*2/1000 -> 4.5118164 | P50: =K50*3/1000 -> 6.7677246 | Q50: =K50*1/1000 -> 2.2559082
A51: RRAS 7 | B51: Registro | C51: Vale do Ribeira | D51: Barra do Turvo | E51: 78 | F51: 2.45 | G51: 4 | H51: 100 | I51: 100 | J51: =(E51*(1-F51/100)*1.1) -> 83.6979 | K51: =E51*(1-F51/100) -> 76.089 | L51: =((J51*2.5)/(365*0.9))*1.21 -> 0.77073409 | M51: =L51*30/100 -> 0.23122023 | N51: =(L51*6/100) -> 0.046244045 | O51: =K51*2/1000 -> 0.152178 | P51: =K51*3/1000 -> 0.228267 | Q51: =K51*1/1000 -> 0.076089 | V51: 10
A52: RRAS 7 | B52: Registro | C52: Vale do Ribeira | D52: Cajati | E52: 411 | F52: 17.23 | G52: 8 | H52: 96.68 | I52: 100 | J52: =(E52*(1-F52/100)*1.1) -> 374.20317 | K52: =E52*(1-F52/100) -> 340.1847 | L52: =((J52*2.5)/(365*0.9))*1.21 -> 3.4458587 | M52: =L52*30/100 -> 1.0337576 | N52: =(L52*6/100) -> 0.20675152 | O52: =K52*2/1000 -> 0.6803694 | P52: =K52*3/1000 -> 1.0205541 | Q52: =K52*1/1000 -> 0.3401847
A53: RRAS 7 | B53: Registro | C53: Vale do Ribeira | D53: Cananeia | E53: 158 | F53: 5.94 | G53: 5 | H53: 100 | I53: 100 | J53: =(E53*(1-F53/100)*1.1) -> 163.47628 | K53: =E53*(1-F53/100) -> 148.6148 | L53: =((J53*2.5)/(365*0.9))*1.21 -> 1.5053752 | M53: =L53*30/100 -> 0.45161255 | N53: =(L53*6/100) -> 0.090322511 | O53: =K53*2/1000 -> 0.2972296 | P53: =K53*3/1000 -> 0.4458444 | Q53: =K53*1/1000 -> 0.1486148
A54: RRAS 7 | B54: Registro | C54: Vale do Ribeira | D54: Eldorado | E54: 165 | F54: 4.83 | G54: 9 | H54: 66.8 | I54: 86.16 | J54: =(E54*(1-F54/100)*1.1) -> 172.73355 | K54: =E54*(1-F54/100) -> 157.0305 | L54: =((J54*2.5)/(365*0.9))*1.21 -> 1.590621 | M54: =L54*30/100 -> 0.47718629 | N54: =(L54*6/100) -> 0.095437258 | O54: =K54*2/1000 -> 0.314061 | P54: =K54*3/1000 -> 0.4710915 | Q54: =K54*1/1000 -> 0.1570305
A55: RRAS 7 | B55: Registro | C55: Vale do Ribeira | D55: Iguape | E55: 285 | F55: 4.56 | G55: 9 | H55: 78.26 | I55: 78.26 | J55: =(E55*(1-F55/100)*1.1) -> 299.2044 | K55: =E55*(1-F55/100) -> 272.004 | L55: =((J55*2.5)/(365*0.9))*1.21 -> 2.7552308 | M55: =L55*30/100 -> 0.82656923 | N55: =(L55*6/100) -> 0.16531385 | O55: =K55*2/1000 -> 0.544008 | P55: =K55*3/1000 -> 0.816012 | Q55: =K55*1/1000 -> 0.272004
A56: RRAS 7 | B56: Registro | C56: Vale do Ribeira | D56: Ilha Comprida | E56: 140 | F56: 3.74 | G56: 7 | H56: 100 | I56: 100 | J56: =(E56*(1-F56/100)*1.1) -> 148.2404 | K56: =E56*(1-F56/100) -> 134.764 | L56: =((J56*2.5)/(365*0.9))*1.21 -> 1.3650752 | M56: =L56*30/100 -> 0.40952257 | N56: =(L56*6/100) -> 0.081904513 | O56: =K56*2/1000 -> 0.269528 | P56: =K56*3/1000 -> 0.404292 | Q56: =K56*1/1000 -> 0.134764
A57: RRAS 7 | B57: Registro | C57: Vale do Ribeira | D57: Iporanga | E57: 48 | F57: 1.56 | G57: 2 | H57: 100 | I57: 100 | J57: =(E57*(1-F57/100)*1.1) -> 51.97632 | K57: =E57*(1-F57/100) -> 47.2512 | L57: =((J57*2.5)/(365*0.9))*1.21 -> 0.47862517 | M57: =L57*30/100 -> 0.14358755 | N57: =(L57*6/100) -> 0.02871751 | O57: =K57*2/1000 -> 0.0945024 | P57: =K57*3/1000 -> 0.1417536 | Q57: =K57*1/1000 -> 0.0472512
A58: RRAS 7 | B58: Registro | C58: Vale do Ribeira | D58: Itariri | E58: 151 | F58: 5.9 | G58: 5 | H58: 79.15 | I58: 100 | J58: =(E58*(1-F58/100)*1.1) -> 156.3001 | K58: =E58*(1-F58/100) -> 142.091 | L58: =((J58*2.5)/(365*0.9))*1.21 -> 1.4392932 | M58: =L58*30/100 -> 0.43178795 | N58: =(L58*6/100) -> 0.086357589 | O58: =K58*2/1000 -> 0.284182 | P58: =K58*3/1000 -> 0.426273 | Q58: =K58*1/1000 -> 0.142091
A59: RRAS 7 | B59: Registro | C59: Vale do Ribeira | D59: Jacupiranga | E59: 193 | F59: 9.26 | G59: 7 | H59: 96.55 | I59: 100 | J59: =(E59*(1-F59/100)*1.1) -> 192.64102 | K59: =E59*(1-F59/100) -> 175.1282 | L59: =((J59*2.5)/(365*0.9))*1.21 -> 1.7739394 | M59: =L59*30/100 -> 0.53218181 | N59: =(L59*6/100) -> 0.10643636 | O59: =K59*2/1000 -> 0.3502564 | P59: =K59*3/1000 -> 0.5253846 | Q59: =K59*1/1000 -> 0.1751282
A60: RRAS 7 | B60: Registro | C60: Vale do Ribeira | D60: Juquia | E60: 208 | F60: 7.25 | G60: 6 | H60: 100 | I60: 100 | J60: =(E60*(1-F60/100)*1.1) -> 212.212 | K60: =E60*(1-F60/100) -> 192.92 | L60: =((J60*2.5)/(365*0.9))*1.21 -> 1.9541592 | M60: =L60*30/100 -> 0.58624776 | N60: =(L60*6/100) -> 0.11724955 | O60: =K60*2/1000 -> 0.38584 | P60: =K60*3/1000 -> 0.57876 | Q60: =K60*1/1000 -> 0.19292
A61: RRAS 7 | B61: Registro | C61: Vale do Ribeira | D61: Miracatu | E61: 233 | F61: 5.15 | G61: 8 | H61: 100 | I61: 100 | J61: =(E61*(1-F61/100)*1.1) -> 243.10055 | K61: =E61*(1-F61/100) -> 221.0005 | L61: =((J61*2.5)/(365*0.9))*1.21 -> 2.2385971 | M61: =L61*30/100 -> 0.67157915 | N61: =(L61*6/100) -> 0.13431583 | O61: =K61*2/1000 -> 0.442001 | P61: =K61*3/1000 -> 0.6630015 | Q61: =K61*1/1000 -> 0.2210005
A62: RRAS 7 | B62: Registro | C62: Vale do Ribeira | D62: Pariquera Açú | E62: 265 | F62: 6.71 | G62: 8 | H62: 87.8 | I62: 100 | J62: =(E62*(1-F62/100)*1.1) -> 271.94035 | K62: =E62*(1-F62/100) -> 247.2185 | L62: =((J62*2.5)/(365*0.9))*1.21 -> 2.5041691 | M62: =L62*30/100 -> 0.75125074 | N62: =(L62*6/100) -> 0.15025015 | O62: =K62*2/1000 -> 0.494437 | P62: =K62*3/1000 -> 0.7416555 | Q62: =K62*1/1000 -> 0.2472185
A63: RRAS 7 | B63: Registro | C63: Vale do Ribeira | D63: Pedro de Toledo | E63: 99 | F63: 3.77 | G63: 7 | H63: 100 | I63: 100 | J63: =(E63*(1-F63/100)*1.1) -> 104.79447 | K63: =E63*(1-F63/100) -> 95.2677 | L63: =((J63*2.5)/(365*0.9))*1.21 -> 0.96500235 | M63: =L63*30/100 -> 0.2895007 | N63: =(L63*6/100) -> 0.057900141 | O63: =K63*2/1000 -> 0.1905354 | P63: =K63*3/1000 -> 0.2858031 | Q63: =K63*1/1000 -> 0.0952677
... A328: RRAS 12 | B328: Araçatuba | C328: Consórcio do DRS II | D328: Turiúba | E328: 11 | F328: 20.6 | G328: 1 | H328: 100 | I328: 100 | J328: =(E328*(1-F328/100)*1.1) -> 9.6074 | K328: =E328*(1-F328/100) -> 8.734 | L328: =((J328*2.5)/(365*0.9))*1.21 -> 0.08846997 | M328: =L328*30/100 -> 0.026540991 | N328: =(L328*6/100) -> 0.0053081982 | O328: =K328*2/1000 -> 0.017468 | P328: =K328*3/1000 -> 0.026202 | Q328: =K328*1/1000 -> 0.008734
A329: RRAS 12 | B329: Sao José do Rio Preto | C329: Catanduva | D329: Ariranha | E329: 46 | F329: 38.33 | G329: 3 | H329: 100 | I329: 100 | J329: 61.03856 | K329: 55.4896 | L329: =((J329*2.5)/(365*0.9))*1.21 -> 0.56207502 | M329: =L329*30/100 -> 0.16862251 | N329: =(L329*6/100) -> 0.033724501 | O329: =K329*2/1000 -> 0.1109792 | P329: =K329*3/1000 -> 0.1664688 | Q329: =K329*1/1000 -> 0.0554896
A330: RRAS 12 | B330: Sao José do Rio Preto | C330: Catanduva | D330: Catanduva | E330: 1153 | F330: 40.84 | G330: 23 | H330: 65.11 | I330: 97.51 | J330: 844.65051 | K330: 767.8641 | L330: =((J330*2.5)/(365*0.9))*1.21 -> 7.7779841 | M330: =L330*30/100 -> 2.3333952 | N330: =(L330*6/100) -> 0.46667905 | O330: =K330*2/1000 -> 1.5357282 | P330: =K330*3/1000 -> 2.3035923 | Q330: =K330*1/1000 -> 0.7678641
A331: RRAS 12 | B331: Sao José do Rio Preto | C331: Catanduva | D331: Catiguá | E331: 52 | F331: 45.91 | G331: 2 | H331: 0 | I331: 100 | J331: 44.24365 | K331: 40.2215 | L331: =((J331*2.5)/(365*0.9))*1.21 -> 0.40741869 | M331: =L331*30/100 -> 0.12222561 | N331: =(L331*6/100) -> 0.024445122 | O331: =K331*2/1000 -> 0.080443 | P331: =K331*3/1000 -> 0.1206645 | Q331: =K331*1/1000 -> 0.0402215
A332: RRAS 12 | B332: Sao José do Rio Preto | C332: Catanduva | D332: Elisiário | E332: 29 | F332: 34.41 | G332: 1 | H332: 0 | I332: 0 | J332: 22.30767 | K332: 20.2797 | L332: =((J332*2.5)/(365*0.9))*1.21 -> 0.20542071 | M332: =L332*30/100 -> 0.061626212 | N332: =(L332*6/100) -> 0.012325242 | O332: =K332*2/1000 -> 0.0405594 | P332: =K332*3/1000 -> 0.0608391 | Q332: =K332*1/1000 -> 0.0202797
A333: RRAS 12 | B333: Sao José do Rio Preto | C333: Catanduva | D333: Embaúba | E333: 19 | F333: 26.47 | G333: 1 | H333: 0 | I333: 100 | J333: 21.13375 | K333: 19.2125 | L333: =((J333*2.5)/(365*0.9))*1.21 -> 0.19461064 | M333: =L333*30/100 -> 0.058383191 | N333: =(L333*6/100) -> 0.011676638 | O333: =K333*2/1000 -> 0.038425 | P333: =K333*3/1000 -> 0.0576375 | Q333: =K333*1/1000 -> 0.0192125
A334: RRAS 12 | B334: Sao José do Rio Preto | C334: Catanduva | D334: Fernando Prestes | E334: 45 | F334: 26.64 | G334: 2 | H334: 100 | I334: 100 | J334: 40.8683 | K334: 37.153 | L334: =((J334*2.5)/(365*0.9))*1.21 -> 0.3763367 | M334: =L334*30/100 -> 0.11290101 | N334: =(L334*6/100) -> 0.022580202 | O334: =K334*2/1000 -> 0.074306 | P334: =K334*3/1000 -> 0.111459 | Q334: =K334*1/1000 -> 0.037153
A335: RRAS 12 | B335: Sao José do Rio Preto | C335: Catanduva | D335: Irapuã | E335: 100 | F335: 22.04 | G335: 3 | H335: 43.16 | I335: 80.7 | J335: 68.77728 | K335: 62.5248 | L335: =((J335*2.5)/(365*0.9))*1.21 -> 0.63333721 | M335: =L335*30/100 -> 0.19000116 | N335: =(L335*6/100) -> 0.038000232 | O335: =K335*2/1000 -> 0.1250496 | P335: =K335*3/1000 -> 0.1875744 | Q335: =K335*1/1000 -> 0.0625248
A336: RRAS 12 | B336: Sao José do Rio Preto | C336: Catanduva | D336: Itajobi | E336: 212 | F336: 21.95 | G336: 5 | H336: 0 | I336: 19.66 | J336: 169.69425 | K336: 154.2675 | L336: =((J336*2.5)/(365*0.9))*1.21 -> 1.5626335 | M336: =L336*30/100 -> 0.46879005 | N336: =(L336*6/100) -> 0.09375801 | O336: =K336*2/1000 -> 0.308535 | P336: =K336*3/1000 -> 0.4628025 | Q336: =K336*1/1000 -> 0.1542675
A337: RRAS 12 | B337: Sao José do Rio Preto | C337: Catanduva | D337: Marapoama | E337: 46 | F337: 19.05 | G337: 1 | H337: 0 | I337: 0 | J337: 28.91658 | K337: 26.2878 | L337: =((J337*2.5)/(365*0.9))*1.21 -> 0.26627901 | M337: =L337*30/100 -> 0.079883703 | N337: =(L337*6/100) -> 0.015976741 | O337: =K337*2/1000 -> 0.0525756 | P337: =K337*3/1000 -> 0.0788634 | Q337: =K337*1/1000 -> 0.0262878
A338: RRAS 12 | B338: Sao José do Rio Preto | C338: Catanduva | D338: Novais | E338: 67 | F338: 23.5 | G338: 1 | H338: 100 | I338: 100 | J338: 51.6648 | K338: 46.968 | L338: =((J338*2.5)/(365*0.9))*1.21 -> 0.47575653 | M338: =L338*30/100 -> 0.14272696 | N338: =(L338*6/100) -> 0.028545392 | O338: =K338*2/1000 -> 0.093936 | P338: =K338*3/1000 -> 0.140904 | Q338: =K338*1/1000 -> 0.046968
A339: RRAS 12 | B339: Sao José do Rio Preto | C339: Catanduva | D339: Novo Horizonte | E339: 407 | F339: 26.43 | G339: 5 | H339: 0 | I339: 80.39 | J339: 351.2124 | K339: 319.284 | L339: =((J339*2.5)/(365*0.9))*1.21 -> 3.2341477 | M339: =L339*30/100 -> 0.9702443 | N339: =(L339*6/100) -> 0.19404886 | O339: =K339*2/1000 -> 0.638568 | P339: =K339*3/1000 -> 0.957852 | Q339: =K339*1/1000 -> 0.319284
A340: RRAS 12 | B340: Sao José do Rio Preto | C340: Catanduva | D340: Palmares Paulista | E340: 89 | F340: 29.19 | G340: 3 | H340: 77.97 | I340: 100 | J340: 107.1972 | K340: 97.452 | L340: =((J340*2.5)/(365*0.9))*1.21 -> 0.98712795 | M340: =L340*30/100 -> 0.29613838 | N340: =(L340*6/100) -> 0.059227677 | O340: =K340*2/1000 -> 0.194904 | P340: =K340*3/1000 -> 0.292356 | Q340: =K340*1/1000 -> 0.097452
... A430: RRAS 12 | B430: Sao José do Rio Preto | C430: Votuporanga | D430: Votuporanga | E430: 1040 | F430: 32.71 | G430: 14 | H430: 72.98 | I430: 100 | J430: 812.6888 | K430: 738.808 | L430: =((J430*2.5)/(365*0.9))*1.21 -> 7.483664 | M430: =L430*30/100 -> 2.2450992 | N430: =(L430*6/100) -> 0.44901984 | O430: =K430*2/1000 -> 1.477616 | P430: =K430*3/1000 -> 2.216424 | Q430: =K430*1/1000 -> 0.738808
A431: RRAS 13 | B431: Barretos | C431: Norte | D431: Altair | E431: 24 | F431: 24 | G431: 1 | H431: 82.93 | I431: 100 | J431: =(E431*(1-F431/100)*1.1) -> 20.064 | K431: =E431*(1-F431/100) -> 18.24 | L431: =((J431*2.5)/(365*0.9))*1.21 -> 0.18475982 | M431: =L431*30/100 -> 0.055427945 | N431: =(L431*6/100) -> 0.011085589 | O431: =K431*2/1000 -> 0.03648 | P431: =K431*3/1000 -> 0.05472 | Q431: =K431*1/1000 -> 0.01824
A432: RRAS 13 | B432: Barretos | C432: Norte | D432: Barretos | E432: 1374 | F432: 25.29 | G432: 16 | H432: 45.21 | I432: 69.04 | J432: =(E432*(1-F432/100)*1.1) -> 1129.1669 | K432: =E432*(1-F432/100) -> 1026.5154 | L432: =((J432*2.5)/(365*0.9))*1.21 -> 10.39796 | M432: =L432*30/100 -> 3.1193881 | N432: =(L432*6/100) -> 0.62387762 | O432: =K432*2/1000 -> 2.0530308 | P432: =K432*3/1000 -> 3.0795462 | Q432: =K432*1/1000 -> 1.0265154
A433: RRAS 13 | B433: Barretos | C433: Norte | D433: Cajobi | E433: 72 | F433: 17.17 | G433: 3 | H433: 65.45 | I433: 93.91 | J433: =(E433*(1-F433/100)*1.1) -> 65.60136 | K433: =E433*(1-F433/100) -> 59.6376 | L433: =((J433*2.5)/(365*0.9))*1.21 -> 0.60409167 | M433: =L433*30/100 -> 0.1812275 | N433: =(L433*6/100) -> 0.0362455 | O433: =K433*2/1000 -> 0.1192752 | P433: =K433*3/1000 -> 0.1789128 | Q433: =K433*1/1000 -> 0.0596376
A434: RRAS 13 | B434: Barretos | C434: Norte | D434: Colina | E434: 204 | F434: 38.16 | G434: 5 | H434: 18.68 | I434: 18.68 | J434: =(E434*(1-F434/100)*1.1) -> 138.76896 | K434: =E434*(1-F434/100) -> 126.1536 | L434: =((J434*2.5)/(365*0.9))*1.21 -> 1.2778572 | M434: =L434*30/100 -> 0.38335717 | N434: =(L434*6/100) -> 0.076671435 | O434: =K434*2/1000 -> 0.2523072 | P434: =K434*3/1000 -> 0.3784608 | Q434: =K434*1/1000 -> 0.1261536
A435: RRAS 13 | B435: Barretos | C435: Norte | D435: Colombia | E435: 104 | F435: 17.48 | G435: 3 | H435: 100 | I435: 100 | J435: =(E435*(1-F435/100)*1.1) -> 94.40288 | K435: =E435*(1-F435/100) -> 85.8208 | L435: =((J435*2.5)/(365*0.9))*1.21 -> 0.86931115 | M435: =L435*30/100 -> 0.26079334 | N435: =(L435*6/100) -> 0.052158669 | O435: =K435*2/1000 -> 0.1716416 | P435: =K435*3/1000 -> 0.2574624 | Q435: =K435*1/1000 -> 0.0858208
A436: RRAS 13 | B436: Barretos | C436: Norte | D436: Guaíra | E436: 431 | F436: 40.27 | G436: 7 | H436: 84.58 | I436: 100 | J436: =(E436*(1-F436/100)*1.1) -> 283.17993 | K436: =E436*(1-F436/100) -> 257.4363 | L436: =((J436*2.5)/(365*0.9))*1.21 -> 2.6076691 | M436: =L436*30/100 -> 0.78230072 | N436: =(L436*6/100) -> 0.15646014 | O436: =K436*2/1000 -> 0.5148726 | P436: =K436*3/1000 -> 0.7723089 | Q436: =K436*1/1000 -> 0.2574363
A437: RRAS 13 | B437: Barretos | C437: Norte | D437: Guaraci | E437: 90 | F437: 25.6 | G437: 3 | H437: 92.51 | I437: 92.51 | J437: =(E437*(1-F437/100)*1.1) -> 73.656 | K437: =E437*(1-F437/100) -> 66.96 | L437: =((J437*2.5)/(365*0.9))*1.21 -> 0.67826301 | M437: =L437*30/100 -> 0.2034789 | N437: =(L437*6/100) -> 0.040695781 | O437: =K437*2/1000 -> 0.13392 | P437: =K437*3/1000 -> 0.20088 | Q437: =K437*1/1000 -> 0.06696
A438: RRAS 13 | B438: Barretos | C438: Norte | D438: Jaborandi | E438: 47 | F438: 22.34 | G438: 2 | H438: 99.58 | I438: 99.58 | J438: =(E438*(1-F438/100)*1.1) -> 40.15022 | K438: =E438*(1-F438/100) -> 36.5002 | L438: =((J438*2.5)/(365*0.9))*1.21 -> 0.36972425 | M438: =L438*30/100 -> 0.11091727 | N438: =(L438*6/100) -> 0.022183455 | O438: =K438*2/1000 -> 0.0730004 | P438: =K438*3/1000 -> 0.1095006 | Q438: =K438*1/1000 -> 0.0365002
A439: RRAS 13 | B439: Barretos | C439: Norte | D439: Olímpia | E439: 665 | F439: 38.57 | G439: 9 | H439: 44.09 | I439: 100 | J439: =(E439*(1-F439/100)*1.1) -> 449.36045 | K439: =E439*(1-F439/100) -> 408.5095 | L439: =((J439*2.5)/(365*0.9))*1.21 -> 4.1379463 | M439: =L439*30/100 -> 1.2413839 | N439: =(L439*6/100) -> 0.24827678 | O439: =K439*2/1000 -> 0.817019 | P439: =K439*3/1000 -> 1.2255285 | Q439: =K439*1/1000 -> 0.4085095
A440: RRAS 13 | B440: Barretos | C440: Norte | D440: Severínia | E440: 151 | F440: 26.38 | G440: 3 | H440: 59.16 | I440: 59.16 | J440: =(E440*(1-F440/100)*1.1) -> 122.28282 | K440: =E440*(1-F440/100) -> 111.1662 | L440: =((J440*2.5)/(365*0.9))*1.21 -> 1.1260442 | M440: =L440*30/100 -> 0.33781327 | N440: =(L440*6/100) -> 0.067562654 | O440: =K440*2/1000 -> 0.2223324 | P440: =K440*3/1000 -> 0.3334986 | Q440: =K440*1/1000 -> 0.1111662
A441: RRAS 13 | B441: Barretos | C441: Sul | D441: Bebedouro | E441: 783 | F441: 35.84 | G441: 17 | H441: 57.87 | I441: 57.87 | J441: =(E441*(1-F441/100)*1.1) -> 552.61008 | K441: =E441*(1-F441/100) -> 502.3728 | L441: =((J441*2.5)/(365*0.9))*1.21 -> 5.088723 | M441: =L441*30/100 -> 1.5266169 | N441: =(L441*6/100) -> 0.30532338 | O441: =K441*2/1000 -> 1.0047456 | P441: =K441*3/1000 -> 1.5071184 | Q441: =K441*1/1000 -> 0.5023728
A442: RRAS 13 | B442: Barretos | C442: Sul | D442: Monte Azul Paulista | E442: 185 | F442: 27.9 | G442: 9 | H442: 90.75 | I442: 100 | J442: =(E442*(1-F442/100)*1.1) -> 146.7235 | K442: =E442*(1-F442/100) -> 133.385 | L442: =((J442*2.5)/(365*0.9))*1.21 -> 1.3511068 | M442: =L442*30/100 -> 0.40533204 | N442: =(L442*6/100) -> 0.081066409 | O442: =K442*2/1000 -> 0.26677 | P442: =K442*3/1000 -> 0.400155 | Q442: =K442*1/1000 -> 0.133385
... A449: RRAS 13 | B449: Franca | C449: Alta Anhanguera | D449: Ipuã | E449: 155 | F449: 36.14 | G449: 7 | H449: 100 | I449: 100 | J449: =(E449*(1-F449/100)*1.1) -> 108.8813 | K449: =E449*(1-F449/100) -> 98.983 | L449: =((J449*2.5)/(365*0.9))*1.21 -> 1.002636 | M449: =L449*30/100 -> 0.30079081 | N449: =(L449*6/100) -> 0.060158161 | O449: =K449*2/1000 -> 0.197966 | P449: =K449*3/1000 -> 0.296949 | Q449: =K449*1/1000 -> 0.098983
A450: RRAS 13 | B450: Franca | C450: Alta Anhanguera | D450: Morro Agudo | E450: 330 | F450: 35.05 | G450: 10 | H450: 41.86 | I450: 60.06 | J450: 269.07551 | K450: 244.6141 | L450: =((J450*2.5)/(365*0.9))*1.21 -> 2.4777882 | M450: =L450*30/100 -> 0.74333645 | N450: =(L450*6/100) -> 0.14866729 | O450: =K450*2/1000 -> 0.4892282 | P450: =K450*3/1000 -> 0.7338423 | Q450: =K450*1/1000 -> 0.2446141
A451: RRAS 13 | B451: Franca | C451: Alta Anhanguera | D451: Orlândia | E451: 437 | F451: 50.02 | G451: 4 | H451: 31.34 | I451: 55.19 | J451: 262.28048 | K451: 238.4368 | L451: =((J451*2.5)/(365*0.9))*1.21 -> 2.415216 | M451: =L451*30/100 -> 0.7245648 | N451: =(L451*6/100) -> 0.14491296 | O451: =K451*2/1000 -> 0.4768736 | P451: =K451*3/1000 -> 0.7153104 | Q451: =K451*1/1000 -> 0.2384368
A452: RRAS 13 | B452: Franca | C452: Alta Anhanguera | D452: Nuporanga | E452: 70 | F452: 35.67 | G452: 4 | H452: 92.84 | I452: 100 | J452: 57.63032 | K452: 52.3912 | L452: =((J452*2.5)/(365*0.9))*1.21 -> 0.53069016 | M452: =L452*30/100 -> 0.15920705 | N452: =(L452*6/100) -> 0.03184141 | O452: =K452*2/1000 -> 0.1047824 | P452: =K452*3/1000 -> 0.1571736 | Q452: =K452*1/1000 -> 0.0523912
A453: RRAS 13 | B453: Franca | C453: Alta Anhanguera | D453: Sales Oliveira | E453: 132 | F453: 37.98 | G453: 4 | H453: 100 | I453: 100 | J453: 85.95741 | K453: 78.1431 | L453: =((J453*2.5)/(365*0.9))*1.21 -> 0.79154084 | M453: =L453*30/100 -> 0.23746225 | N453: =(L453*6/100) -> 0.04749245 | O453: =K453*2/1000 -> 0.1562862 | P453: =K453*3/1000 -> 0.2344293 | Q453: =K453*1/1000 -> 0.0781431
A454: RRAS 13 | B454: Franca | C454: Alta Anhanguera | D454: São Joaquim da Barra | E454: 569 | F454: 36.03 | G454: 11 | H454: 59.84 | I454: 69.67 | J454: 384.00417 | K454: 349.0947 | L454: =((J454*2.5)/(365*0.9))*1.21 -> 3.5361115 | M454: =L454*30/100 -> 1.0608334 | N454: =(L454*6/100) -> 0.21216669 | O454: =K454*2/1000 -> 0.6981894 | P454: =K454*3/1000 -> 1.0472841 | Q454: =K454*1/1000 -> 0.3490947
A455: RRAS 13 | B455: Franca | C455: Alta Mogiana | D455: Aramina | E455: 67 | F455: 33.39 | G455: 3 | H455: 100 | I455: 100 | J455: 54.53976 | K455: 49.5816 | L455: =((J455*2.5)/(365*0.9))*1.21 -> 0.50223067 | M455: =L455*30/100 -> 0.1506692 | N455: =(L455*6/100) -> 0.03013384 | O455: =K455*2/1000 -> 0.0991632 | P455: =K455*3/1000 -> 0.1487448 | Q455: =K455*1/1000 -> 0.0495816
A456: RRAS 13 | B456: Franca | C456: Alta Mogiana | D456: Buritizal | E456: 39 | F456: 35.72 | G456: 1 | H456: 76.99 | I456: 76.99 | J456: 34.6445 | K456: 31.495 | L456: =((J456*2.5)/(365*0.9))*1.21 -> 0.3190247 | M456: =L456*30/100 -> 0.095707409 | N456: =(L456*6/100) -> 0.019141482 | O456: =K456*2/1000 -> 0.06299 | P456: =K456*3/1000 -> 0.094485 | Q456: =K456*1/1000 -> 0.031495
A457: RRAS 13 | B457: Franca | C457: Alta Mogiana | D457: Guará | E457: 185 | F457: 27.5 | G457: 7 | H457: 65.03 | I457: 100 | J457: 157.72185 | K457: 143.3835 | L457: =((J457*2.5)/(365*0.9))*1.21 -> 1.4523854 | M457: =L457*30/100 -> 0.43571561 | N457: =(L457*6/100) -> 0.087143123 | O457: =K457*2/1000 -> 0.286767 | P457: =K457*3/1000 -> 0.4301505 | Q457: =K457*1/1000 -> 0.1433835
A458: RRAS 13 | B458: Franca | C458: Alta Mogiana | D458: Igarapava | E458: 265 | F458: 34.95 | G458: 6 | H458: 34.01 | I458: 43.87 | J458: 213.52485 | K458: 194.1135 | L458: =((J458*2.5)/(365*0.9))*1.21 -> 1.9662486 | M458: =L458*30/100 -> 0.58987459 | N458: =(L458*6/100) -> 0.11797492 | O458: =K458*2/1000 -> 0.388227 | P458: =K458*3/1000 -> 0.5823405 | Q458: =K458*1/1000 -> 0.1941135
A459: RRAS 13 | B459: Franca | C459: Alta Mogiana | D459: Ituverava | E459: 412 | F459: 37.08 | G459: 10 | H459: 65.99 | I459: 95.83 | J459: 344.17955 | K459: 312.8905 | L459: =((J459*2.5)/(365*0.9))*1.21 -> 3.1693855 | M459: =L459*30/100 -> 0.95081565 | N459: =(L459*6/100) -> 0.19016313 | O459: =K459*2/1000 -> 0.625781 | P459: =K459*3/1000 -> 0.9386715 | Q459: =K459*1/1000 -> 0.3128905
A460: RRAS 13 | B460: Franca | C460: Alta Mogiana | D460: Miguelópolis | E460: 204 | F460: 34.86 | G460: 7 | H460: 31.04 | I460: 66.81 | J460: 197.15256 | K460: 179.2296 | L460: =((J460*2.5)/(365*0.9))*1.21 -> 1.815484 | M460: =L460*30/100 -> 0.5446452 | N460: =(L460*6/100) -> 0.10892904 | O460: =K460*2/1000 -> 0.3584592 | P460: =K460*3/1000 -> 0.5376888 | Q460: =K460*1/1000 -> 0.1792296
A461: RRAS 13 | B461: Franca | C461: Três Colinas | D461: Cristais Paulista | E461: 94 | F461: 17.83 | G461: 3 | H461: 79.94 | I461: 100 | J461: 91.54288 | K461: 83.2208 | L461: =((J461*2.5)/(365*0.9))*1.21 -> 0.84297477 | M461: =L461*30/100 -> 0.25289243 | N461: =(L461*6/100) -> 0.050578486 | O461: =K461*2/1000 -> 0.1664416 | P461: =K461*3/1000 -> 0.2496624 | Q461: =K461*1/1000 -> 0.0832208
... A470: RRAS 13 | B470: Franca | C470: Três Colinas | D470: São José da Bela Vista | E470: 70 | F470: 15.74 | G470: 4 | H470: 77.28 | I470: 77.28 | J470: 79.12971 | K470: 71.9361 | L470: =((J470*2.5)/(365*0.9))*1.21 -> 0.7286678 | M470: =L470*30/100 -> 0.21860034 | N470: =(L470*6/100) -> 0.043720068 | O470: =K470*2/1000 -> 0.1438722 | P470: =K470*3/1000 -> 0.2158083 | Q470: =K470*1/1000 -> 0.0719361
A471: RRAS 13 | B471: Ribeirão Preto | C471: Aquífero Guarani | D471: Cravinhos | E471: 353 | F471: 44.45 | G471: 6 | H471: 19.55 | I471: 52.7 | J471: =(E471*(1-F471/100)*1.1) -> 215.70065 | K471: =E471*(1-F471/100) -> 196.0915 | L471: =((J471*2.5)/(365*0.9))*1.21 -> 1.9862845 | M471: =L471*30/100 -> 0.59588536 | N471: =(L471*6/100) -> 0.11917707 | O471: =K471*2/1000 -> 0.392183 | P471: =K471*3/1000 -> 0.5882745 | Q471: =K471*1/1000 -> 0.1960915
A472: RRAS 13 | B472: Ribeirão Preto | C472: Aquífero Guarani | D472: Guatapará | E472: 88 | F472: 27.84 | G472: 3 | H472: 90.13 | I472: 90.13 | J472: =(E472*(1-F472/100)*1.1) -> 69.85088 | K472: =E472*(1-F472/100) -> 63.5008 | L472: =((J472*2.5)/(365*0.9))*1.21 -> 0.64322348 | M472: =L472*30/100 -> 0.19296704 | N472: =(L472*6/100) -> 0.038593409 | O472: =K472*2/1000 -> 0.1270016 | P472: =K472*3/1000 -> 0.1905024 | Q472: =K472*1/1000 -> 0.0635008
A473: RRAS 13 | B473: Ribeirão Preto | C473: Aquífero Guarani | D473: Jardinópolis | E473: 475 | F473: 29.18 | G473: 10 | H473: 54.42 | I473: 100 | J473: =(E473*(1-F473/100)*1.1) -> 370.0345 | K473: =E473*(1-F473/100) -> 336.395 | L473: =((J473*2.5)/(365*0.9))*1.21 -> 3.4074714 | M473: =L473*30/100 -> 1.0222414 | N473: =(L473*6/100) -> 0.20444829 | O473: =K473*2/1000 -> 0.67279 | P473: =K473*3/1000 -> 1.009185 | Q473: =K473*1/1000 -> 0.336395
A474: RRAS 13 | B474: Ribeirão Preto | C474: Aquífero Guarani | D474: Luís Antonio | E474: 139 | F474: 41.03 | G474: 3 | H474: 0 | I474: 100 | J474: =(E474*(1-F474/100)*1.1) -> 90.16513 | K474: =E474*(1-F474/100) -> 81.9683 | L474: =((J474*2.5)/(365*0.9))*1.21 -> 0.83028773 | M474: =L474*30/100 -> 0.24908632 | N474: =(L474*6/100) -> 0.049817264 | O474: =K474*2/1000 -> 0.1639366 | P474: =K474*3/1000 -> 0.2459049 | Q474: =K474*1/1000 -> 0.0819683
A475: RRAS 13 | B475: Ribeirão Preto | C475: Aquífero Guarani | D475: Ribeirão Preto | E475: 7500 | F475: 46.59 | G475: 46 | H475: 23.55 | I475: 63.9 | J475: =(E475*(1-F475/100)*1.1) -> 4406.325 | K475: =E475*(1-F475/100) -> 4005.75 | L475: =((J475*2.5)/(365*0.9))*1.21 -> 40.575748 | M475: =L475*30/100 -> 12.172724 | N475: =(L475*6/100) -> 2.4345449 | O475: =K475*2/1000 -> 8.0115 | P475: =K475*3/1000 -> 12.01725 | Q475: =K475*1/1000 -> 4.00575
A476: RRAS 13 | B476: Ribeirão Preto | C476: Aquífero Guarani | D476: Santa Rita do Passa Quatro | E476: 203 | F476: 36.42 | G476: 5 | H476: 25.04 | I476: 68.59 | J476: =(E476*(1-F476/100)*1.1) -> 141.97414 | K476: =E476*(1-F476/100) -> 129.0674 | L476: =((J476*2.5)/(365*0.9))*1.21 -> 1.3073722 | M476: =L476*30/100 -> 0.39221167 | N476: =(L476*6/100) -> 0.078442333 | O476: =K476*2/1000 -> 0.2581348 | P476: =K476*3/1000 -> 0.3872022 | Q476: =K476*1/1000 -> 0.1290674
A477: RRAS 13 | B477: Ribeirão Preto | C477: Aquífero Guarani | D477: Santa Rosa do Viterbo | E477: 201 | F477: 34.65 | G477: 3 | H477: 26 | I477: 51.43 | J477: =(E477*(1-F477/100)*1.1) -> 144.48885 | K477: =E477*(1-F477/100) -> 131.3535 | L477: =((J477*2.5)/(365*0.9))*1.21 -> 1.330529 | M477: =L477*30/100 -> 0.3991587 | N477: =(L477*6/100) -> 0.079831739 | O477: =K477*2/1000 -> 0.262707 | P477: =K477*3/1000 -> 0.3940605 | Q477: =K477*1/1000 -> 0.1313535
A478: RRAS 13 | B478: Ribeirão Preto | C478: Aquífero Guarani | D478: São Simão | E478: 126 | F478: 25.12 | G478: 3 | H478: 0 | I478: 100 | J478: =(E478*(1-F478/100)*1.1) -> 103.78368 | K478: =E478*(1-F478/100) -> 94.3488 | L478: =((J478*2.5)/(365*0.9))*1.21 -> 0.95569447 | M478: =L478*30/100 -> 0.28670834 | N478: =(L478*6/100) -> 0.057341668 | O478: =K478*2/1000 -> 0.1886976 | P478: =K478*3/1000 -> 0.2830464 | Q478: =K478*1/1000 -> 0.0943488
A479: RRAS 13 | B479: Ribeirão Preto | C479: Aquífero Guarani | D479: Serra Azul | E479: 106 | F479: 12.17 | G479: 4 | H479: 70.59 | I479: 100 | J479: =(E479*(1-F479/100)*1.1) -> 102.40978 | K479: =E479*(1-F479/100) -> 93.0998 | L479: =((J479*2.5)/(365*0.9))*1.21 -> 0.94304288 | M479: =L479*30/100 -> 0.28291286 | N479: =(L479*6/100) -> 0.056582573 | O479: =K479*2/1000 -> 0.1861996 | P479: =K479*3/1000 -> 0.2792994 | Q479: =K479*1/1000 -> 0.0930998
A480: RRAS 13 | B480: Ribeirão Preto | C480: Aquífero Guarani | D480: Serrana | E480: 573 | F480: 30.4 | G480: 7 | H480: 30.59 | I480: 43.9 | J480: =(E480*(1-F480/100)*1.1) -> 438.6888 | K480: =E480*(1-F480/100) -> 398.808 | L480: =((J480*2.5)/(365*0.9))*1.21 -> 4.0396762 | M480: =L480*30/100 -> 1.2119028 | N480: =(L480*6/100) -> 0.24238057 | O480: =K480*2/1000 -> 0.797616 | P480: =K480*3/1000 -> 1.196424 | Q480: =K480*1/1000 -> 0.398808
A481: RRAS 13 | B481: Ribeirão Preto | C481: Horizonte Verde | D481: Barrinha | E481: 419 | F481: 36.39 | G481: 4 | H481: 31.54 | I481: 56.69 | J481: =(E481*(1-F481/100)*1.1) -> 293.17849 | K481: =E481*(1-F481/100) -> 266.5259 | L481: =((J481*2.5)/(365*0.9))*1.21 -> 2.699741 | M481: =L481*30/100 -> 0.80992231 | N481: =(L481*6/100) -> 0.16198446 | O481: =K481*2/1000 -> 0.5330518 | P481: =K481*3/1000 -> 0.7995777 | Q481: =K481*1/1000 -> 0.2665259
A482: RRAS 13 | B482: Ribeirão Preto | C482: Horizonte Verde | D482: Dumont | E482: 85 | F482: 43.06 | G482: 2 | H482: 34.96 | I482: 100 | J482: =(E482*(1-F482/100)*1.1) -> 53.2389 | K482: =E482*(1-F482/100) -> 48.399 | L482: =((J482*2.5)/(365*0.9))*1.21 -> 0.49025167 | M482: =L482*30/100 -> 0.1470755 | N482: =(L482*6/100) -> 0.0294151 | O482: =K482*2/1000 -> 0.096798 | P482: =K482*3/1000 -> 0.145197 | Q482: =K482*1/1000 -> 0.048399
... A523: RRAS 15 | B523: Campinas | C523: Circuito das Aguas | D523: Águas de Lindóia | E523: 221 | F523: 15.78 | G523: 4 | H523: 36.89 | I523: 100 | J523: =(E523*(1-F523/100)*1.1) -> 204.73882 | K523: =E523*(1-F523/100) -> 186.1262 | L523: =((J523*2.5)/(365*0.9))*1.21 -> 1.8853423 | M523: =L523*30/100 -> 0.56560268 | N523: =(L523*6/100) -> 0.11312054 | O523: =K523*2/1000 -> 0.3722524 | P523: =K523*3/1000 -> 0.5583786 | Q523: =K523*1/1000 -> 0.1861262
...

Sheet Descr. de Tabela 1 APS - Ref. A
A1: Tabela 1 - Cobertura de Acesso e Capacidade Instalada na Atenção Ambulatorial Especializada (AAE) Gestação de Alto Risco e na Atenção Primária à Saúde (APS) para Parto Baixo Risco (BR)
A2: RRAS | B2: DRS | C2: REGIÃO DE SAÚDE | D2: MUNICÍPIO DA RRAS | E2: CNES | F2: NOME DO ESTABELECIMENTO (AAE) | G2: MUNICÍPIO DO ESTABELECIMENTO (AAE) | H2: RRAS | I2: DRS | J2: REGIÃO DE SAÚDE | K2: MUNICÍPIO DA RRAS | L2: CNES | M2: NOME DO ESTABELECIMENTO (BR) | N2: MUNICÍPIO DO ESTABELECIMENTO (BR)
A3: RRAS 1 | B3: Grande São Paulo | C3: Grande ABC | D3: Diadema | E3: 5851084 | F3: Quarteirão da Saúde - Eng. Osvaldo Misso | G3: Diadema | H3: RRAS 1 | I3: Grande São Paulo | J3: Grande ABC | K3: Diadema | L3: 2080028 | M3: Hospital Municipal de Diadema | N3: Diadema
A4: RRAS 1 | B4: Grande São Paulo | C4: Grande ABC | D4: Mauá | E4: 2082349 | F4: Hospital de Clínicas Dr. Radamés Nardini | G4: Mauá | H4: RRAS 1 | I4: Grande São Paulo | J4: Grande ABC | K4: Mauá | L4: 2082349 | M4: Hospital de Clínicas Dr. Radamés Nardini | N4: Mauá
A5: RRAS 1 | B5: Grande São Paulo | C5: Grande ABC | D5: Ribeirão Pires | E5: 2906562 | F5: CAISM - Centro de Atenção Integral a Saúde da Mulher | G5: Ribeirão Pires | H5: RRAS 1 | I5: Grande São Paulo | J5: Grande ABC | K5: Ribeirão Pires | L5: 2081202 | M5: Hospital e Maternidade São Lucas | N5: Ribeirão Pires
A6: RRAS 1 | B6: Grande São Paulo | C6: Grande ABC | D6: Rio Grande da Serra | E6: 2906562 | F6: CAISM - Centro de Atenção Integral a Saúde da Mulher | G6: Ribeirão Pires | H6: RRAS 1 | I6: Grande São Paulo | J6: Grande ABC | K6: Rio Grande da Serra | L6: 2081202 | M6: Hospital e Maternidade São Lucas | N6: Ribeirão Pires
A7: RRAS 1 | B7: Grande São Paulo | C7: Grande ABC | D7: Santo André | E7: 6020917 | F7: Hospital da Mulher - Maria José dos Santos Stein | G7: Santo André | H7: RRAS 1 | I7: Grande São Paulo | J7: Grande ABC | K7: Santo André | L7: 6020917 | M7: Hospital da Mulher - Maria José dos Santos Stein | N7: Santo André
A8: RRAS 1 | B8: Grande São Paulo | C8: Grande ABC | D8: São Bernardo do Campo | E8: 2035081 | F8: CAISM - Centro de Atenção Integral a Saúde da Mulher | G8: São Bernardo do Campo | H8: RRAS 1 | I8: Grande São Paulo | J8: Grande ABC | K8: São Bernardo do Campo | L8: 2027356 | M8: Hospital da Mulher | N8: São Bernardo do Campo
A9: RRAS 1 | B9: Grande São Paulo | C9: Grande ABC | D9: São Caetano do Sul | E9: 2038196 | F9: CAISM - Centro de Atenção Integral a Saúde da Mulher Sc do Sul | G9: São Caetano do Sul | H9: RRAS 1 | I9: Grande São Paulo | J9: Grande ABC | K9: São Caetano do Sul | L9: 2082594 | M9: Complexo Hospitalar Municipal | N9: São Caetano do Sul
A10: RRAS 2 | B10: Grande São Paulo | C10: Alto Tietê | D10: Arujá | E10: 9001808 | F10: UBS Fazenda Rincão | G10: Arujá | H10: RRAS 2 | I10: Grande São Paulo | J10: Alto Tietê | K10: Arujá | L10: 6451098 | M10: Hospital Dalila Ferreira Barbosa | N10: Arujá
A11: RRAS 2 | B11: Grande São Paulo | C11: Alto Tietê | D11: Arujá | E11: 2059304 | F11: USF Jd. Emília | G11: Arujá | H11: RRAS 2 | I11: Grande São Paulo | J11: Alto Tietê | K11: Biritiba Mirim | L11: 2080052 | M11: Hospital Nossa Senhora Aparecida (Santa Casa) | N11: Mogi das Cruzes
A12: RRAS 2 | B12: Grande São Paulo | C12: Alto Tietê | D12: Arujá | E12: 2773848 | F12: USF Mirante | G12: Arujá | H12: RRAS 2 | I12: Grande São Paulo | J12: Alto Tietê | K12: Ferraz de Vasconcelos | L12: 2080079 | M12: Hospital Dr. Osíris Florindo Coelho - HOFC | N12: Ferraz de Vasconcelos
A13: RRAS 2 | B13: Grande São Paulo | C13: Alto Tietê | D13: Arujá | E13: 2773228 | F13: UBS Vila Pilar | G13: Arujá | H13: RRAS 2 | I13: Grande São Paulo | J13: Alto Tietê | K13: Guararema | L13: 2773333 | M13: Santa Casa de Misericórdia de Guararema | N13: Guararema
A14: RRAS 2 | B14: Grande São Paulo | C14: Alto Tietê | D14: Arujá | E14: 2773856 | F14: USF Barreto Arujá | G14: Arujá | H14: RRAS 2 | I14: Grande São Paulo | J14: Alto Tietê | K14: Guarulhos | L14: 5200105 | M14: Hospital Pimentas Bonsucesso - Manuel de Paiva | N14: Guarulhos
... A45: RRAS 3 | B45: Grande São Paulo | C45: Franco da Rocha | D45: Mairiporã | E45: 3028399 | F45: Hospital Estadual Prof. Carlos da Silva Lacaz | G45: Francisco Morato | H45: RRAS 5 | I45: Grande São Paulo | J45: Rota dos Bandeirantes | K45: Jandira | L45: 2078104 | M45: Hospital Geral de Itapevi | N45: Itapevi
A46: RRAS 4 | B46: Grande São Paulo | C46: Mananciais | D46: Cotia | E46: 6768849 | F46: Clínica da Mulher | G46: Cotia | H46: RRAS 5 | I46: Grande São Paulo | J46: Rota dos Bandeirantes | K46: Osasco | L46: 0008036 | M46: Hospital e Maternidade Municipal Amador Aguiar | N46: Osasco
A47: RRAS 4 | B47: Grande São Paulo | C47: Mananciais | D47: Embu das Artes | E47: 2786400 | F47: UBS Embu | G47: Embu | H47: RRAS 5 | I47: Grande São Paulo | J47: Rota dos Bandeirantes | K47: Pirapora do Bom Jesus | L47: 2078104 | M47: Hospital Geral de Itapevi | N47: Itapevi
A48: RRAS 4 | B48: Grande São Paulo | C48: Mananciais | D48: Embu Guaçu | E48: 2792176 | F48: Hospital Geral de Itapecerica da Serra | G48: Itapecerica da Serra | H48: RRAS 5 | I48: Grande São Paulo | J48: Rota dos Bandeirantes | K48: Santana de Parnaíba | L48: 2072513 | M48: Hospital e Maternidade Municipal Santa Ana | N48: Santana de Parnaíba
A49: RRAS 4 | B49: Grande São Paulo | C49: Mananciais | D49: Itapecerica da Serra | E49: 2792176 | F49: Hospital Geral de Itapecerica da Serra | G49: Itapecerica da Serra | H49: RRAS 7 | I49: Baixada Santista | J49: Baixada Santista | K49: Bertioga | L49: 2083272 | M49: Hospital Municipal de Bertioga | N49: Bertioga
A50: RRAS 4 | B50: Grande São Paulo | C50: Mananciais | D50: Juquitiba | E50: 2792176 | F50: Hospital Geral de Itapecerica da Serra | G50: Itapecerica da Serra | H50: RRAS 7 | I50: Baixada Santista | J50: Baixada Santista | K50: Cubatão | L50: 2078473 | M50: Hospital Dr. Luiz Camargo da Fonseca e Silva | N50: Cubatão
A51: RRAS 4 | B51: Grande São Paulo | C51: Mananciais | D51: São Lourenço da Serra | E51: 2792176 | F51: Hospital Geral de Itapecerica da Serra | G51: Itapecerica da Serra | H51: RRAS 7 | I51: Baixada Santista | J51: Baixada Santista | K51: Guarujá | L51: 2754843 | M51: Hospital Santo Amaro | N51: Guarujá
A52: RRAS 4 | B52: Grande São Paulo | C52: Mananciais | D52: Taboão da Serra | E52: 3742466 | F52: CRSM - Centro de Referência de Saúde da Mulher | G52: Taboão da Serra | H52: RRAS 7 | I52: Baixada Santista | J52: Baixada Santista | K52: Itanhaém | L52: 2087804 | M52: Hospital Regional Jorge Rossmann | N52: Itanhaém
A53: RRAS 4 | B53: Grande São Paulo | C53: Mananciais | D53: Vargem Grande Paulista | E53: 7079877 | F53: Centro de Referência da Mulher de Vargem Grande Paulista | G53: Vargem Grande Paulista | H53: RRAS 7 | I53: Baixada Santista | J53: Baixada Santista | K53: Mongaguá | L53: 2087804 | M53: Hospital Regional Jorge Rossmann | N53: Itanhaém
A54: RRAS 5 | B54: Grande São Paulo | C54: Rota dos Bandeirantes | D54: Barueri | E54: 04 | F54: UBS Referência | G54: Barueri | H54: RRAS 7 | I54: Baixada Santista | J54: Baixada Santista | K54: Peruíbe | L54: 2087324 | M54: Unidade Hospitalar de Peruíbe | N54: Peruíbe
A55: RRAS 5 | B55: Grande São Paulo | C55: Rota dos Bandeirantes | D55: Carapicuíba | E55: 2792168 | F55: Hospital Geral de Carapicuíba | G55: Carapicuíba | H55: RRAS 7 | I55: Baixada Santista | J55: Baixada Santista | K55: Praia Grande | L55: 2716097 | M55: Complexo Hospitalar Irmã Dulce O S S | N55: Praia Grande
A56: RRAS 5 | B56: Grande São Paulo | C56: Rota dos Bandeirantes | D56: Itapevi | E56: 9102159 | F56: Centro de Referência da Saúde da Mulher Thereza Farias Santos | G56: Itapevi | H56: RRAS 7 | I56: Baixada Santista | J56: Baixada Santista | K56: Santos | L56: 2698463 | M56: Seção Hospital e Maternidade Municipal Dr. Silverio Fontes | N56: Santos
A57: RRAS 5 | B57: Grande São Paulo | C57: Rota dos Bandeirantes | D57: Itapevi | E57: 9454276 | F57: CIS Centro Integrado de Saúde | G57: Itapevi | H57: RRAS 7 | I57: Baixada Santista | J57: Baixada Santista | K57: São Vicente | L57: 6966594 | M57: Hospital e Maternidade Municipal de São Vicente | N57: São Vicente
A58: RRAS 5 | B58: Grande São Paulo | C58: Rota dos Bandeirantes | D58: Jandira | E58: 5437350 | F58: Centro de Referência da Mulher | G58: Jandira | H58: RRAS 8 | I58: Registro | J58: Vale do Ribeira | K58: Barra do Turvo | L58: 2077434 | M58: Hospital Dr. Leopoldo Bevilacqua | N58: Pariquera Açú
A59: RRAS 5 | B59: Grande São Paulo | C59: Rota dos Bandeirantes | D59: Osasco | E59: 3815919 | F59: Casa da Mulher Dinalva Souza Barcellos | G59: Osasco | H59: RRAS 8 | I59: Registro | J59: Vale do Ribeira | K59: Cajati | L59: 2077434 | M59: Hospital Dr. Leopoldo Bevilacqua | N59: Pariquera Açú
A60: RRAS 5 | B60: Grande São Paulo | C60: Rota dos Bandeirantes | D60: Pirapora do Bom Jesus | E60: 2792168 | F60: Hospital Geral de Carapicuíba | G60: Carapicuíba | H60: RRAS 8 | I60: Registro | J60: Vale do Ribeira | K60: Cananéia | L60: 2077434 | M60: Hospital Dr. Leopoldo Bevilacqua | N60: Pariquera Açú
A61: RRAS 5 | B61: Grande São Paulo | C61: Rota dos Bandeirantes | D61: Santana de Parnaíba | E61: 7444249 | F61: Centro de Saúde da Mulher Parnaibana | G61: Santana de Parnaíba | H61: RRAS 8 | I61: Registro | J61: Vale do Ribeira | K61: Eldorado | L61: 2077434 | M61: Hospital Dr. Leopoldo Bevilacqua | N61: Pariquera Açú
A62: RRAS 7 | B62: Baixada Santista | C62: Baixada Santista | D62: Bertioga | E62: 2079720 | F62: Hospital Guilherme Alvaro Santos | G62: Santos / Bertioga | H62: RRAS 8 | I62: Registro | J62: Vale do Ribeira | K62: Iguape | L62: 2077434 | M62: Hospital Dr. Leopoldo Bevilacqua | N62: Pariquera Açú
A63: RRAS 7 | B63: Baixada Santista | C63: Baixada Santista | D63: Bertioga | E63: 473405 | F63: Centro Especializado em Saúde da Mulher | G63: Santos / Bertioga | H63: RRAS 8 | I63: Registro | J63: Vale do Ribeira | K63: Ilha Comprida | L63: 2077434 | M63: Hospital Dr. Leopoldo Bevilacqua | N63: Pariquera Açú
A64: RRAS 7 | B64: Baixada Santista | C64: Baixada Santista | D64: Cubatão | E64: 2071843 | F64: SAISM - Serviço de Atenção Integral à Saúde da Mulher | G64: Cubatão | H64: RRAS 8 | I64: Registro | J64: Vale do Ribeira | K64: Iporanga | L64: 2077434 | M64: Hospital Dr. Leopoldo Bevilacqua | N64: Pariquera Açú
A65: RRAS 7 | B65: Baixada Santista | C65: Baixada Santista | D65: Guarujá | E65: 9663851 | F65: Instituto da Mulher Casa Rosa | G65: Guarujá | H65: RRAS 8 | I65: Registro | J65: Vale do Ribeira | K65: Itariri | L65: 2087324 | M65: Maternidade Unidade Hospitalar de Peruíbe | N65: Peruíbe
A66: RRAS 7 | B66: Baixada Santista | C66: Baixada Santista | D66: Itanhaém | E66: 6345581 | F66: Centro Especializado na Saúde da Criança e da Mulher Paula V – CESCRIM | G66: Itanhaém / Praia Grande | H66: RRAS 8 | I66: Registro | J66: Vale do Ribeira | K66: Jacupiranga | L66: 2077434 | M66: Hospital Dr. Leopoldo Bevilacqua | N66: Pariquera Açú
... A140: RRAS 9 | B140: Bauru | C140: Polo Cuesta | D140: Torre de Pedra | E140: 2748223 | F140: HC da FM de Botucatu | G140: Botucatu | H140: RRAS 9 | I140: Bauru | J140: Vale do Jurumirim | K140: Tejupá | L140: 2081350 | M140: Hospital de Piraju | N140: Piraju
A141: RRAS 9 | B141: Bauru | C141: Vale do Jurumirim | D141: Águas de Santa Bárbara | E141: 2748223 | F141: HC da FM de Botucatu | G141: Botucatu / Avaré | H141: RRAS 10 | I141: Marília | J141: Adamantina | K141: Adamantina | L141: 2077647 | M141: Santa Casa de Adamantina | N141: Adamantina
A142: RRAS 9 | B142: Bauru | C142: Vale do Jurumirim | D142: Águas de Santa Bárbara | E142: 2831503 | F142: AME Vale do Jurumirim | G142: Botucatu / Avaré | H142: RRAS 10 | I142: Marília | J142: Adamantina | K142: Flórida Paulista | L142: 2745402 | M142: Santa Casa de Misericórdia de Flórida Paulista | N142: Flórida Paulista
A143: RRAS 9 | B143: Bauru | C143: Vale do Jurumirim | D143: Arandu | E143: 2748223 | F143: HC da FM de Botucatu | G143: Botucatu / Avaré | H143: RRAS 10 | I143: Marília | J143: Adamantina | K143: Inúbia Paulista | L143: 2077647 | M143: Santa Casa de Adamantina | N143: Adamantina
A144: RRAS 9 | B144: Bauru | C144: Vale do Jurumirim | D144: Arandu | E144: 2831503 | F144: AME Vale do Jurumirim | G144: Botucatu / Avaré | H144: RRAS 10 | I144: Marília | J144: Adamantina | K144: Lucélia | L144: 2077647 | M144: Santa Casa de Adamantina | N144: Adamantina
A145: RRAS 9 | B145: Bauru | C145: Vale do Jurumirim | D145: Avaré | E145: 2748223 | F145: HC da FM de Botucatu | G145: Botucatu / Avaré | H145: RRAS 10 | I145: Marília | J145: Adamantina | K145: Mariápolis | L145: 2077647 | M145: Santa Casa de Adamantina | N145: Adamantina
A146: RRAS 9 | B146: Bauru | C146: Vale do Jurumirim | D146: Avaré | E146: 2831503 | F146: AME Vale do Jurumirim | G146: Botucatu / Avaré | H146: RRAS 10 | I146: Marília | J146: Adamantina | K146: Osvaldo Cruz | L146: 2082586 | M146: Santa Casa de Misericórdia de Osvaldo Cruz | N146: Osvaldo Cruz
A147: RRAS 9 | B147: Bauru | C147: Vale do Jurumirim | D147: Barão de Antonina | E147: 2748223 | F147: HC da FM de Botucatu | G147: Botucatu | H147: RRAS 10 | I147: Marília | J147: Adamantina | K147: Pacaembu | L147: 2077647 | M147: Santa Casa de Adamantina | N147: Adamantina
A148: RRAS 9 | B148: Bauru | C148: Vale do Jurumirim | D148: Cerqueira César | E148: 2748223 | F148: HC da FM de Botucatu | G148: Botucatu / Avaré | H148: RRAS 10 | I148: Marília | J148: Adamantina | K148: Pracinha | L148: 2077647 | M148: Santa Casa de Adamantina | N148: Adamantina
A149: RRAS 9 | B149: Bauru | C149: Vale do Jurumirim | D149: Cerqueira César | E149: 2831503 | F149: AME Vale do Jurumirim | G149: Botucatu / Avaré | H149: RRAS 10 | I149: Marília | J149: Adamantina | K149: Sagres | L149: 2082586 | M149: Santa Casa de Misericórdia de Osvaldo Cruz | N149: Osvaldo Cruz
A150: RRAS 9 | B150: Bauru | C150: Vale do Jurumirim | D150: Coronel Macedo | E150: 2748223 | F150: HC da FM de Botucatu | G150: Botucatu / Avaré | H150: RRAS 10 | I150: Marília | J150: Adamantina | K150: Salmourão | L150: 2082586 | M150: Santa Casa de Misericórdia de Osvaldo Cruz | N150: Osvaldo Cruz
A151: RRAS 9 | B151: Bauru | C151: Vale do Jurumirim | D151: Coronel Macedo | E151: 2831503 | F151: AME Vale do Jurumirim | G151: Botucatu / Avaré | H151: RRAS 10 | I151: Marília | J151: Assis | K151: Assis | L151: 2081083 | M151: Santa Casa de Assis | N151: Assis
A152: RRAS 9 | B152: Bauru | C152: Vale do Jurumirim | D152: Fartura | E152: 2748223 | F152: HC da FM de Botucatu | G152: Botucatu / Avaré | H152: RRAS 10 | I152: Marília | J152: Assis | K152: Borá | L152: 2082519 | M152: Santa Casa de Paraguaçu Paulista | N152: Paraguaçu Paulista
A153: RRAS 9 | B153: Bauru | C153: Vale do Jurumirim | D153: Fartura | E153: 2831503 | F153: AME Vale do Jurumirim | G153: Botucatu / Avaré | H153: RRAS 10 | I153: Marília | J153: Assis | K153: Cândido Mota | L153: 2080842 | M153: Santa Casa de Misericórdia de Cândido Mota | N153: Cândido Mota
A154: RRAS 9 | B154: Bauru | C154: Vale do Jurumirim | D154: Iaras | E154: 2748223 | F154: HC da FM de Botucatu | G154: Botucatu / Avaré | H154: RRAS 10 | I154: Marília | J154: Assis | K154: Cruzália | L154: 2081083 | M154: Santa Casa de Assis | N154: Assis
A155: RRAS 9 | B155: Bauru | C155: Vale do Jurumirim | D155: Iaras | E155: 2831503 | F155: AME Vale do Jurumirim | G155: Botucatu / Avaré | H155: RRAS 10 | I155: Marília | J155: Assis | K155: Florínia | L155: 2081083 | M155: Santa Casa de Assis | N155: Assis
A156: RRAS 9 | B156: Bauru | C156: Vale do Jurumirim | D156: Itaí | E156: 2748223 | F156: HC da FM de Botucatu | G156: Botucatu / Avaré | H156: RRAS 10 | I156: Marília | J156: Assis | K156: Lutécia | L156: 2082519 | M156: Santa Casa de Paraguaçu Paulista | N156: Paraguaçu Paulista
A157: RRAS 9 | B157: Bauru | C157: Vale do Jurumirim | D157: Itaí | E157: 2831503 | F157: AME Vale do Jurumirim | G157: Botucatu / Avaré | H157: RRAS 10 | I157: Marília | J157: Assis | K157: Maracaí | L157: 2081083 | M157: Santa Casa de Assis | N157: Assis
A158: RRAS 9 | B158: Bauru | C158: Vale do Jurumirim | D158: Itaporanga | E158: 2748223 | F158: HC da FM de Botucatu | G158: Botucatu / Avaré | H158: RRAS 10 | I158: Marília | J158: Assis | K158: Palmital | L158: 2080958 | M158: Santa Casa de Misericórdia de Palmital | N158: Palmital
A159: RRAS 9 | B159: Bauru | C159: Vale do Jurumirim | D159: Itaporanga | E159: 2831503 | F159: AME Vale do Jurumirim | G159: Botucatu / Avaré | H159: RRAS 10 | I159: Marília | J159: Assis | K159: Paraguaçu Paulista | L159: 2082519 | M159: Santa Casa de Paraguaçu Paulista | N159: Paraguaçu Paulista
A160: RRAS 9 | B160: Bauru | C160: Vale do Jurumirim | D160: Manduri | E160: 2748223 | F160: HC da FM de Botucatu | G160: Botucatu / Avaré | H160: RRAS 10 | I160: Marília | J160: Assis | K160: Pedrinhas Paulista | L160: 2081083 | M160: Santa Casa de Assis | N160: Assis
A161: RRAS 9 | B161: Bauru | C161: Vale do Jurumirim | D161: Manduri | E161: 2831503 | F161: AME Vale do Jurumirim | G161: Botucatu / Avaré | H161: RRAS 10 | I161: Marília | J161: Assis | K161: Platina | L161: 2081083 | M161: Santa Casa de Assis | N161: Assis
A162: RRAS 9 | B162: Bauru | C162: Vale do Jurumirim | D162: Paranapanema | E162: 2748223 | F162: HC da FM de Botucatu | G162: Botucatu / Avaré | H162: RRAS 10 | I162: Marília | J162: Assis | K162: Tarumã | L162: 2081083 | M162: Santa Casa de Assis | N162: Assis
A163: RRAS 9 | B163: Bauru | C163: Vale do Jurumirim | D163: Paranapanema | E163: 2831503 | F163: AME Vale do Jurumirim | G163: Botucatu / Avaré | H163: RRAS 10 | I163: Marília | J163: Marília | K163: Álvaro de Carvalho | L163: 9680500 | M163: Hospital São Lucas da Associação Hospitalar Beneficente do Brasil | N163: Garça
A164: RRAS 9 | B164: Bauru | C164: Vale do Jurumirim | D164: Piraju | E164: 2748223 | F164: HC da FM de Botucatu | G164: Botucatu / Avaré | H164: RRAS 10 | I164: Marília | J164: Marília | K164: Alvinlândia | L164: 2086050 | M164: Maternidade Gota de Leite | N164: Marília
A165: RRAS 9 | B165: Bauru | C165: Vale do Jurumirim | D165: Piraju | E165: 2831503 | F165: AME Vale do Jurumirim | G165: Botucatu / Avaré | H165: RRAS 10 | I165: Marília | J165: Marília | K165: Campos Novos Paulista | L165: 2086050 | M165: Maternidade Gota de Leite | N165: Marília
A166: RRAS 9 | B166: Bauru | C166: Vale do Jurumirim | D166: Sarutaia | E166: 2748223 | F166: HC da FM de Botucatu | G166: Botucatu / Avaré | H166: RRAS 10 | I166: Marília | J166: Marília | K166: Echaporã | L166: 2086050 | M166: Maternidade Gota de Leite | N166: Marília
A167: RRAS 9 | B167: Bauru | C167: Vale do Jurumirim | D167: Sarutaia | E167: 2831503 | F167: AME Vale do Jurumirim | G167: Botucatu / Avaré | H167: RRAS 10 | I167: Marília | J167: Marília | K167: Fernão | L167: 2086050 | M167: Maternidade Gota de Leite | N167: Marília
A168: RRAS 9 | B168: Bauru | C168: Vale do Jurumirim | D168: Taguaí | E168: 2748223 | F168: HC da FM de Botucatu | G168: Botucatu / Avaré | H168: RRAS 10 | I168: Marília | J168: Marília | K168: Gália | L168: 9680500 | M168: Hospital São Lucas da Associação Hospitalar Beneficente do Brasil | N168: Garça
A169: RRAS 9 | B169: Bauru | C169: Vale do Jurumirim | D169: Taguaí | E169: 2831503 | F169: AME Vale do Jurumirim | G169: Botucatu / Avaré | H169: RRAS 10 | I169: Marília | J169: Marília | K169: Garça | L169: 9680500 | M169: Hospital São Lucas da Associação Hospitalar Beneficente do Brasil | N169: Garça
A170: RRAS 9 | B170: Bauru | C170: Vale do Jurumirim | D170: Taquarituba | E170: 2748223 | F170: HC da FM de Botucatu | G170: Botucatu / Avaré | H170: RRAS 10 | I170: Marília | J170: Marília | K170: Guaimbê | L170: 2086050 | M170: Maternidade Gota de Leite | N170: Marília
A171: RRAS 9 | B171: Bauru | C171: Vale do Jurumirim | D171: Taquarituba | E171: 2831503 | F171: AME Vale do Jurumirim | G171: Botucatu / Avaré | H171: RRAS 10 | I171: Marília | J171: Marília | K171: Guarantã | L171: 2086050 | M171: Maternidade Gota de Leite | N171: Marília
A172: RRAS 9 | B172: Bauru | C172: Vale do Jurumirim | D172: Tejupá | E172: 2748223 | F172: HC da FM de Botucatu | G172: Botucatu / Avaré | H172: RRAS 10 | I172: Marília | J172: Marília | K172: Júlio Mesquita | L172: 2086050 | M172: Maternidade Gota de Leite | N172: Marília
A173: RRAS 9 | B173: Bauru | C173: Vale do Jurumirim | D173: Tejupá | E173: 2831503 | F173: AME Vale do Jurumirim | G173: Botucatu / Avaré | H173: RRAS 10 | I173: Marília | J173: Marília | K173: Lupércio | L173: 2086050 | M173: Maternidade Gota de Leite | N173: Marília
A174: RRAS 10 | B174: Marília | C174: Adamantina | D174: Adamantina | E174: 2025507 | F174: Hospital das Clínicas HCFAMEMA | G174: Marília | H174: RRAS 10 | I174: Marília | J174: Marília | K174: Marília | L174: 2086050 | M174: Maternidade Gota de Leite | N174: Marília
A175: RRAS 10 | B175: Marília | C175: Adamantina | D175: Flórida Paulista | E175: 2025507 | F175: Hospital das Clínicas HCFAMEMA | G175: Marília | H175: RRAS 10 | I175: Marília | J175: Marília | K175: Ocauçu | L175: 2086050 | M175: Maternidade Gota de Leite | N175: Marília
A176: RRAS 10 | B176: Marília | C176: Adamantina | D176: Inúbia Paulista | E176: 2025507 | F176: Hospital das Clínicas HCFAMEMA | G176: Marília | H176: RRAS 10 | I176: Marília | J176: Marília | K176: Oriente | L176: 2086050 | M176: Maternidade Gota de Leite | N176: Marília
A177: RRAS 10 | B177: Marília | C177: Adamantina | D177: Lucélia | E177: 2025507 | F177: Hospital das Clínicas HCFAMEMA | G177: Marília | H177: RRAS 10 | I177: Marília | J177: Marília | K177: Oscar Bressane | L177: 2086050 | M177: Maternidade Gota de Leite | N177: Marília
A178: RRAS 10 | B178: Marília | C178: Adamantina | D178: Mariápolis | E178: 2025507 | F178: Hospital das Clínicas HCFAMEMA | G178: Marília | H178: RRAS 10 | I178: Marília | J178: Marília | K178: Pompéia | L178: 2086050 | M178: Maternidade Gota de Leite | N178: Marília
A179: RRAS 10 | B179: Marília | C179: Adamantina | D179: Osvaldo Cruz | E179: 2025507 | F179: Hospital das Clínicas HCFAMEMA | G179: Marília | H179: RRAS 10 | I179: Marília | J179: Marília | K179: Quintana | L179: 2086050 | M179: Maternidade Gota de Leite | N179: Marília
A180: RRAS 10 | B180: Marília | C180: Adamantina | D180: Pacaembu | E180: 2025507 | F180: Hospital das Clínicas HCFAMEMA | G180: Marília | H180: RRAS 10 | I180: Marília | J180: Marília | K180: Ubirajara | L180: 2086050 | M180: Maternidade Gota de Leite | N180: Marília
A181: RRAS 10 | B181: Marília | C181: Adamantina | D181: Pracinha | E181: 2025507 | F181: Hospital das Clínicas HCFAMEMA | G181: Marília | H181: RRAS 10 | I181: Marília | J181: Marília | K181: Vera Cruz | L181: 2086050 | M181: Maternidade Gota de Leite | N181: Marília
A182: RRAS 10 | B182: Marília | C182: Adamantina | D182: Sagres | E182: 2025507 | F182: Hospital das Clínicas HCFAMEMA | G182: Marília | H182: RRAS 10 | I182: Marília | J182: Ourinhos | K182: Bernardino de Campos | L182: 2084058 | M182: Santa Casa de Misericórdia de Santa Cruz do Rio Pardo | N182: Ourinhos
A183: RRAS 10 | B183: Marília | C183: Adamantina | D183: Salmourão | E183: 2025507 | F183: Hospital das Clínicas HCFAMEMA | G183: Marília | H183: RRAS 10 | I183: Marília | J183: Ourinhos | K183: Canitar | L183: 3586812 | M183: Santa Casa de Misericórdia de Ourinhos | N183: Ourinhos
A184: RRAS 10 | B184: Marília | C184: Assis | D184: Assis | E184: 2083094 | F184: Hospital Regional de Assis | G184: Assis | H184: RRAS 10 | I184: Marília | J184: Ourinhos | K184: Chavantes | L184: 2082438 | M184: Santa Casa de Chavantes | N184: Chavantes
... A504: RRAS 14 | B504: Piracicaba | C504: Piracicaba | D504: Charqueada | E504: 2087057 | F504: Hospital dos Fornecedores de Cana de Piracicaba | G504: Piracicaba | H504: RRAS 15 | I504: Campinas | J504: Reg. Metrop. Campinas | K504: Jaguariúna | L504: 2023474 | M504: Hospital Municipal Walter Ferrari | N504: Jaguariúna
A505: RRAS 14 | B505: Piracicaba | C505: Piracicaba | D505: Elias Fausto | E505: 2772310 | F505: Santa Casa de Piracicaba | G505: Piracicaba | H505: RRAS 15 | I505: Campinas | J505: Circuito das Aguas | K505: Lindóia
A506: RRAS 14 | B506: Piracicaba | C506: Piracicaba | D506: Elias Fausto | E506: 2087057 | F506: Hospital dos Fornecedores de Cana de Piracicaba | G506: Piracicaba | H506: RRAS 15 | I506: Campinas | J506: Circuito das Aguas | K506: Monte Alegre do Sul | L506: 2078848 | M506: Hospital Santa Casa Anna Cintra | N506: Amparo
A507: RRAS 14 | B507: Piracicaba | C507: Piracicaba | D507: Mombuca | E507: 2772310 | F507: Santa Casa de Piracicaba | G507: Piracicaba | H507: RRAS 15 | I507: Campinas | J507: Reg. Metrop. Campinas | K507: Monte Mor | L507: 2078341 | M507: Hospital Beneficente Sagrado Coração de Jesus | N507: Monte Mor
A508: RRAS 14 | B508: Piracicaba | C508: Piracicaba | D508: Mombuca | E508: 2087057 | F508: Hospital dos Fornecedores de Cana de Piracicaba | G508: Piracicaba | H508: RRAS 15 | I508: Campinas | J508: Reg. Metrop. Campinas | K508: Morungaba | L508: 2023709 | M508: Santa Casa de Itatiba | N508: Itatiba
A509: RRAS 14 | B509: Piracicaba | C509: Piracicaba | D509: Piracicaba | E509: 2772310 | F509: Santa Casa de Piracicaba | G509: Piracicaba | H509: RRAS 15 | I509: Campinas | J509: Reg. Metrop. Campinas | K509: Nova Odessa | L509: 2058308 | M509: Hospital e Maternidade Nova Odessa | N509: Nova Odessa
A510: RRAS 14 | B510: Piracicaba | C510: Piracicaba | D510: Piracicaba | E510: 2087057 | F510: Hospital dos Fornecedores de Cana de Piracicaba | G510: Piracicaba | H510: RRAS 15 | I510: Campinas | J510: Reg. Metrop. Campinas | K510: Paulínia | L510: 2051059 | M510: Hospital Municipal de Paulínia | N510: Paulínia
A511: RRAS 14 | B511: Piracicaba | C511: Piracicaba | D511: Rafard | E511: 2772310 | F511: Santa Casa de Piracicaba | G511: Piracicaba | H511: RRAS 15 | I511: Campinas | J511: Reg. Metrop. Campinas | K511: Pedreira | L511: 2023474 | M511: Hospital Municipal Walter Ferrari | N511: Jaguariúna
A512: RRAS 14 | B512: Piracicaba | C512: Piracicaba | D512: Rafard | E512: 2087057 | F512: Hospital dos Fornecedores de Cana de Piracicaba | G512: Piracicaba | H512: RRAS 15 | I512: Campinas | J512: Reg. Metrop. Campinas | K512: Santa Bárbara d'Oeste | L512: 2079232 | M512: Santa Casa de Santa Bárbara d'Oeste | N512: Santa Bárbara d`Oeste
A513: RRAS 14 | B513: Piracicaba | C513: Piracicaba | D513: Rio das Pedras | E513: 2772310 | F513: Santa Casa de Piracicaba | G513: Piracicaba | H513: RRAS 15 | I513: Campinas | J513: Reg. Metrop. Campinas | K513: Santo Antônio de Posse | L513: 2078848 | M513: Hospital Santa Casa Anna Cintra | N513: Amparo
A514: RRAS 14 | B514: Piracicaba | C514: Piracicaba | D514: Rio das Pedras | E514: 2087057 | F514: Hospital dos Fornecedores de Cana de Piracicaba | G514: Piracicaba | H514: RRAS 15 | I514: Campinas | J514: Circuito das Aguas | K514: Serra Negra | L514: 2081393 | M514: Hospital Santa Rosa de Lima | N514: Serra Negra
A515: RRAS 14 | B515: Piracicaba | C515: Piracicaba | D515: Saltinho | E515: 2772310 | F515: Santa Casa de Piracicaba | G515: Piracicaba | H515: RRAS 15 | I515: Campinas | J515: Reg. Metrop. Campinas | K515: Sumaré | L515: 2083981 | M515: Hospital Estadual de Sumaré | N515: Sumaré
A516: RRAS 14 | B516: Piracicaba | C516: Piracicaba | D516: Saltinho | E516: 2087057 | F516: Hospital dos Fornecedores de Cana de Piracicaba | G516: Piracicaba | H516: RRAS 15 | I516: Campinas | J516: Reg. Metrop. Campinas | K516: Valinhos | L516: 2097877 | M516: Santa Casa de Valinhos | N516: Valinhos
A517: RRAS 14 | B517: Piracicaba | C517: Piracicaba | D517: Santa Maria da Serra | E517: 2772310 | F517: Santa Casa de Piracicaba | G517: Piracicaba | H517: RRAS 15 | I517: Campinas | J517: Reg. Metrop. Campinas | K517: Vinhedo | L517: 2699915 | M517: Santa Casa de Vinhedo | N517: Vinhedo
... A554: RRAS 15 | B554: Campinas | C554: Reg. Metrop. Campinas | D554: Santo Antônio de Posse | E554: 2082152 | F554: Centro de Atenção Integral de Saúde da Mulher | G554: Campinas | H554: RRAS 16 | I554: Campinas | J554: Jundiaí | K554: Louveira | L554: 2079917 | M554: Santa Casa de Louveira | N554: Louveira
A555: RRAS 15 | B555: Campinas | C555: Circuito das Aguas | D555: Serra Negra | G555: Serra Negra | H555: RRAS 16 | I555: Campinas | J555: Jundiaí | K555: Várzea Paulista | L555: 2087219 | M555: Hospital de Clínicas Campo Limpo Paulista | N555: Jundiaí
A556: RRAS 15 | B556: Campinas | C556: Reg. Metrop. Campinas | D556: Sumaré | E556: 9609652 | F556: Base de Excelência da Mulher | G556: Sumaré | H556: RRAS 17 | I556: Taubaté | J556: Alto Vale do Paraíba | K556: Caçapava | L556: 2024756 | M556: Hospital e Maternidade Nossa Senhora Da Ajuda - FUSAM | N556: Caçapava
A557: RRAS 15 | B557: Campinas | C557: Reg. Metrop. Campinas | D557: Sumaré | E557: 2083981 | F557: Hospital Estadual Sumaré | G557: Sumaré | H557: RRAS 17 | I557: Taubaté | J557: Alto Vale do Paraíba | K557: Igaratá | L557: 2085194 | M557: Hospital São Francisco de Assis | N557: Jacareí
A558: RRAS 15 | B558: Campinas | C558: Reg. Metrop. Campinas | D558: Valinhos | E558: 9022309 | F558: Centro de Atenção a Mulher - CAM | G558: Valinhos | H558: RRAS 17 | I558: Taubaté | J558: Alto Vale do Paraíba | K558: Jacareí | L558: 2085194 | M558: Hospital São Francisco de Assis | N558: Jacareí
...

Sheet tabela 2 AGAR
A1: RRAS:
A4: CAPACIDADE OPERACIONAL PRÉ-NATAL DE ALTO RISCO
A6: TOTAL DE GESTANTES SUSDEPENDENTES ESTIMADAS/ANO = VIDE TABELA 1
A7: TOTAL DE GESTANTES DE ALTO RISCO SUSDEPENDENTES ESTIMADAS/ANO = 15% DAS GESTANTES SUSDEPENDENTES ESTIMADAS
A8: PREVISÃO DE NÚMERO DE CONSULTA DE PRÉ-NATAL ALTO RISCO/ANO = Nº DE GESTANTES DE ALTO RISCO ESTIMADAS X 12 CONSULTAS
A9: OBSERVAR QUE O RESULTADO OBTIDO É O TOTAL DE CONSULTAS NECESSÁRIAS PARA A RRAS/REGIÃO/MUNICIPIO/ANO . O ESTABELECIMENTO DEVERÁ PREVER SE HÁ NECESSIDADE DE CONTRATAÇÃO DE RH E SERVIÇOS PARA O ATENDIMENTO DE 100% DAS CONSULTAS ESTIMADAS
A10: PARA ESTIMATIVA DE CAPACIDADE DE CONSULTAS DO AAE(AGAR)/ANO CONSIDERAR DE 3 A 4 CONSULTAS /HORA/PROFISSIONAL, ESSA INFORMAÇÃO DEVE SER OBTIDA JUNTO AO SERVIÇO DE ALTO RISCO.
A11: NÃO ESQUECER DE COLOCAR O NOME DO ESTABELECIMENTO E CNES
A14: tabela: 2 Cobertura de Acesso e capacidade instalada na Atenção Ambulatorial Especializada (AAE) - PRÉ-NATAL DE ALTO RISCO (AGAR)
A16: DRS | B16: MUNICIPIO | C16: TOTAL DE GESTANTES SUSDEPENDENTES ESTIMADAS/ANO (trazer da tabela1 APS) | D16: TOTAL DE GESTANTES DE ALTO RISCO SUSDEPENDENTES ESTIMADAS/ANO | E16: PREVISÃO DE NÚMERO DE CONSULTA DE ALTO RISCO PARA MUNICIPIO/ANO | F16: CNES/ESTABELECIMENTO PARA REFERENCIA PARA AAE (AGAR) | G16: ESTIMATIVA DE CAPACIDADE PARA CONSULTAS DO AAE/ANO | H16: GESTÃO | I16: INDICADO PARA HABILITAÇÃO TIPO I OU TIPO II | J16: CONSULTA REGULADA (S) OU (N) | K16: CNES/ESTABELECIMENTO DA REFERENCIA PARA PARTO DE ALTO RISCO | L16: MUNICIPIO
A17: Grande Sao Paulo | B17: Diadema | C17: 2555.4276 | D17: =C17*15/100 -> 383.31414 | E17: =D17*12 -> 4599.7697 | F17: 5851084 - QUATEIRÃO DA SAUDE | G17: =((56*4)*12)*4 -> 10752 | H17: Municipal | I17: Não Atende os Parâmetros da Portaria | J17: S | K17: 2080028 - HOSPITAL MUNICIPAL DE DIADEMA | L17: Diadema
A18: Grande Sao Paulo | B18: Mauá | C18: 2567.0476 | D18: =C18*15/100 -> 385.05713 | E18: =D18*12 -> 4620.6856 | F18: 6442781 - CENTRO DE REF EM SAUDE DA MULHER CRIANCA E ADOLESCENTE | G18: =((52*4)*12)*4 -> 9984 | H18: Municipal | I18: I | J18: s | K18: 2082349 - HOSPITAL RADAMES NARDINI | L18: Mauá
A19: Grande Sao Paulo | B19: Ribeirão Pires | C19: 588.69591 | D19: =C19*15/100 -> 88.304387 | E19: =D19*12 -> 1059.6526 | F19: 2906562 - CAISM | G19: =((5*4)*12)*4 -> 960 | H19: Municipal | I19: Não Atende os Parâmetros da Portaria | J19: S | K19: 2082349 - HOSPITAL RADAMES NARDINI | L19: Ribeirão Pires
A20: Grande Sao Paulo | B20: Rio Grande da Serra | C20: 336.3624 | D20: =C20*15/100 -> 50.45436 | E20: =D20*12 -> 605.45232 | F20: 2906562 - CAISM | G20: - | H20: Municipal | I20: Não Atende os Parâmetros da Portaria | J20: s | K20: 2082349 - HOSPITAL RADAMES NARDINI | L20: Ribeirão Pires
A21: Grande Sao Paulo | B21: Santo André | C21: 3461.3887 | D21: =C21*15/100 -> 519.2083 | E21: =D21*12 -> 6230.4997 | F21: 6020917 - HOSPITAL DA MULHER | G21: =((40*4)*12)*4 -> 7680 | H21: Municipal | I21: I | J21: s | K21: 6020917 - HOSPITAL DA MULHER | L21: Santo André
A22: Grande Sao Paulo | B22: São Bernardo do Campo | C22: 3810.8284 | D22: =C22*15/100 -> 571.62427 | E22: =D22*12 -> 6859.4912 | F22: 2035081 - CAISM | G22: =((72*4)*12)*4 -> 13824 | H22: Municipal | I22: II | J22: S | K22: 2027356 - HOSPITAL MUNICIPAL UNIVERSITARIO / HOSPITAL DA MULHER | L22: São Bernardo do Campo
A23: Grande Sao Paulo | B23: São Caetano do Sul | C23: 560.7305 | D23: =C23*15/100 -> 84.109575 | E23: =D23*12 -> 1009.3149 | F23: 2038196 - CAISM CENTRO DE ATENCAO INT SAUDE DA MULHER SC DO SUL | G23: =((52*4)*12)*4 -> 9984 | H23: Municipal | I23: Não Atende os Parâmetros da Portaria | J23: S | K23: 2082594 - COMPLEXO HOSPITALAR MARCIA E MARIA BRAIDO | L23: São Caetano do Sul
D24: =C24*15/100 -> 0 | E24: =D24*12 -> 0
D25: =C25*15/100 -> 0 | E25: =D25*12 -> 0
D26: =C26*15/100 -> 0 | E26: =D26*12 -> 0
D27: =C27*15/100 -> 0 | E27: =D27*12 -> 0
D28: =C28*15/100 -> 0 | E28: =D28*12 -> 0
D29: =C29*15/100 -> 0 | E29: =D29*12 -> 0
D30: =C30*15/100 -> 0 | E30: =D30*12 -> 0
D31: =C31*15/100 -> 0 | E31: =D31*12 -> 0
D32: =C32*15/100 -> 0 | E32: =D32*12 -> 0
D33: =C33*15/100 -> 0 | E33: =D33*12 -> 0
D34: =C34*15/100 -> 0 | E34: =D34*12 -> 0
D35: =C35*15/100 -> 0 | E35: =D35*12 -> 0
... D167: =C167*15/100 -> 0 | E167: =D167*12 -> 0

Sheet tabela 3 ANEO
A1: RRAS:
A3: CAPACIDADE OPERACIONAL ALTO RISCO - ANEO
A4: UNEO = UNIDADE NEONATAL
A6: (1) ESTIMATIVA DE RECEM NASCIDO DE ALTO RISCO /ANEO: CONSIDERAR AS SAIDAS DA DA UNEO NO ANO ANTERIOR
A7: (2) ESTIMATIVA PARA CONSULTAS MÉDICAS 2.500g = 92% DOS RN DE ALTO RISCO ESTIMADOS X 3 CONSULTAS
A8: (3) ESTIMATIVA PARA CONSULTAS DE ENFERMAGEM 2.500g = 92% DOS RN DE ALTO RISCO ESTIMADOS X 4 CONSULTAS
A9: (4) ESTIMATIVA PARA CONSULTAS MÉDICA PESO < 2.500G = 8% DOS RN DE ALTO RISCO ESTIMADOS X 7 CONSULTAS
A10: (5) ESTIMATIVA PARA CONSULTAS DE ENFERMAGEM PESO < 2.500GDOS 8% RN DE ALTO RISCO ESTIMADOS X 6 CONSULTAS
A16: Tabela 3 : Cobertura de Acesso e capacidade instalada na Atenção Ambulatorial Especializada (AAE) - ANEO
A18: DRS | B18: MUNICIPIO | C18: ESTIMATIVA DE RECEM NASCIDO DE ALTO RISCO /ANEO (1) | D18: CNES/ESTABELECIMENTO PARA REFERENCIA PARA AAE (ANEO) | E18: GESTÃO | F18: MUNICIPIO | G18: ESTIMATIVA PARA CONSULTAS MÉDICA DO ANEO > 2.500G (2) | H18: ESTIMATIVA PARA CONSULTAS ENFERMAGEM DO ANEO > 2.500G (3) | I18: ESTIMATIVA PARA CONSULTAS MÉDICA DO ANEO PESO < 2.500G (4) | J18: ESTIMATIVA PARA CONSULTAS DE ENFERMAGEM DO ANEO < 2.500G (5) | K18: CNES/ESTABELECIMENTO DE REFERENCIA HOSPITALAR PARA O AAE (ANEO) | L18: MUNICIPIO | M18: CONSULTA REGULADA (S) OU (N)
A19: Grande Sao Paulo | B19: Diadema | C19: 128 | D19: 2027356 - HOSPITAL MUNICIPAL UNIVERSITARIO / HOSPITAL DA MULHER | E19: Municipal | F19: São Bernardo do Campo | G19: =(C19*92/100)*3 -> 353.28 | H19: =(C19*92/100)*4 -> 471.04 | I19: =(C19*8/100)*7 -> 71.68 | J19: =(C19*8/100)*6 -> 61.44 | K19: 2080028 - HOSPITAL MUNICIPAL DE DIADEMA | L19: Diadema | M19: s
A20: Grande Sao Paulo | B20: Mauá | C20: 368 | D20: 2082349 - HOSPITAL RADAMES NARDINI | E20: Municipal | F20: Mauá | G20: =(C20*92/100)*3 -> 1015.68 | H20: =(C20*92/100)*4 -> 1354.24 | I20: =(C20*8/100)*7 -> 206.08 | J20: =(C20*8/100)*6 -> 176.64 | K20: 2082349 - HOSPITAL RADAMES NARDINI | L20: Mauá | M20: s
A21: Grande Sao Paulo | B21: Ribeirão Pires | C21: 0 | D21: 6020917 - HOSPITAL DA MULHER | E21: Municipal | F21: Santo André | G21: =(C21*92/100)*3 -> 0 | H21: =(C21*92/100)*4 -> 0 | I21: =(C21*8/100)*7 -> 0 | J21: =(C21*8/100)*6 -> 0 | K21: 2081202 - HOSPITAL E MATERNIDADE SÃO LUCAS | L21: Ribeirão Pires | M21: s
A22: Grande Sao Paulo | B22: Rio Grande da Serra | C22: 0 | D22: 6020917 - HOSPITAL DA MULHER | E22: Municipal | F22: Santo André | G22: =(C22*92/100)*3 -> 0 | H22: =(C22*92/100)*4 -> 0 | I22: =(C22*8/100)*7 -> 0 | J22: =(C22*8/100)*6 -> 0 | K22: 2081202 - HOSPITAL E MATERNIDADE SÃO LUCAS | L22: Ribeirão Pires | M22: s
A23: Grande Sao Paulo | B23: Santo André | C23: 632 | D23: 6020917 - HOSPITAL DA MULHER | E23: Municipal | F23: Santo André | G23: =(C23*92/100)*3 -> 1744.32 | H23: =(C23*92/100)*4 -> 2325.76 | I23: =(C23*8/100)*7 -> 353.92 | J23: =(C23*8/100)*6 -> 303.36 | K23: 6020917 - HOSPITAL DA MULHER | L23: Santo André | M23: s
A24: Grande Sao Paulo | B24: São Bernardo do Campo | C24: 909 | D24: 2027356 - HOSPITAL MUNICIPAL UNIVERSITARIO / HOSPITAL DA MULHER | E24: Municipal | F24: São Bernardo do Campo | G24: =(C24*92/100)*3 -> 2508.84 | H24: =(C24*92/100)*4 -> 3345.12 | I24: =(C24*8/100)*7 -> 509.04 | J24: =(C24*8/100)*6 -> 436.32 | K24: 2027356 - HOSPITAL MUNICIPAL UNIVERSITARIO / HOSPITAL DA MULHER | L24: São Bernardo do Campo | M24: s
A25: Grande Sao Paulo | B25: São Caetano do Sul | C25: 92 | D25: 2027356 - HOSPITAL MUNICIPAL UNIVERSITARIO / HOSPITAL DA MULHER | E25: Municipal | F25: São Bernardo do Campo | G25: =(C25*92/100)*3 -> 253.92 | H25: =(C25*92/100)*4 -> 338.56 | I25: =(C25*8/100)*7 -> 51.52 | J25: =(C25*8/100)*6 -> 44.16 | K25: 2082594 - COMPLEXO HOSPITALAR MARCIA E MARIA BRAIDO | L25: São Caetano do Sul | M25: s
A26: Grande Sao Paulo | B26: Região (Estadual Diadema) | C26: 533 | G26: =(C26*92/100)*3 -> 1471.08 | H26: =(C26*92/100)*4 -> 1961.44 | I26: =(C26*8/100)*7 -> 298.48 | J26: =(C26*8/100)*6 -> 255.84
D27: Obs. Município Mauá Pretende Implantar o ANEO | G27: =(C27*92/100)*3 -> 0 | H27: =(C27*92/100)*4 -> 0 | I27: =(C27*8/100)*7 -> 0 | J27: =(C27*8/100)*6 -> 0
G28: =(C28*92/100)*3 -> 0 | H28: =(C28*92/100)*4 -> 0 | I28: =(C28*8/100)*7 -> 0 | J28: =(C28*8/100)*6 -> 0
G29: =(C29*92/100)*3 -> 0 | H29: =(C29*92/100)*4 -> 0 | I29: =(C29*8/100)*7 -> 0 | J29: =(C29*8/100)*6 -> 0
G30: =(C30*92/100)*3 -> 0 | H30: =(C30*92/100)*4 -> 0 | I30: =(C30*8/100)*7 -> 0 | J30: =(C30*8/100)*6 -> 0
G31: =(C31*92/100)*3 -> 0 | H31: =(C31*92/100)*4 -> 0 | I31: =(C31*8/100)*7 -> 0 | J31: =(C31*8/100)*6 -> 0
G32: =(C32*92/100)*3 -> 0 | H32: =(C32*92/100)*4 -> 0 | I32: =(C32*8/100)*7 -> 0 | J32: =(C32*8/100)*6 -> 0
G33: =(C33*92/100)*3 -> 0 | H33: =(C33*92/100)*4 -> 0 | I33: =(C33*8/100)*7 -> 0 | J33: =(C33*8/100)*6 -> 0
G34: =(C34*92/100)*3 -> 0 | H34: =(C34*92/100)*4 -> 0 | I34: =(C34*8/100)*7 -> 0 | J34: =(C34*8/100)*6 -> 0
G35: =(C35*92/100)*3 -> 0 | H35: =(C35*92/100)*4 -> 0 | I35: =(C35*8/100)*7 -> 0 | J35: =(C35*8/100)*6 -> 0
G36: =(C36*92/100)*3 -> 0 | H36: =(C36*92/100)*4 -> 0 | I36: =(C36*8/100)*7 -> 0 | J36: =(C36*8/100)*6 -> 0
G37: =(C37*92/100)*3 -> 0 | H37: =(C37*92/100)*4 -> 0 | I37: =(C37*8/100)*7 -> 0 | J37: =(C37*8/100)*6 -> 0
G38: =(C38*92/100)*3 -> 0 | H38: =(C38*92/100)*4 -> 0 | I38: =(C38*8/100)*7 -> 0 | J38: =(C38*8/100)*6 -> 0
G39: =(C39*92/100)*3 -> 0 | H39: =(C39*92/100)*4 -> 0 | I39: =(C39*8/100)*7 -> 0 | J39: =(C39*8/100)*6 -> 0
... G168: =(C168*92/100)*3 -> 0 | H168: =(C168*92/100)*4 -> 0 | I168: =(C168*8/100)*7 -> 0 | J168: =(C168*8/100)*6 -> 0
